Workbook

Sheet Combined info
A1: Genome/MAG | B1: Strain ID | C1: Lowest determined phylogenetic rank | D1: Closest related genome | E1: Cyanide use | F1: Relative abundance (% T0) | G1: Relative abundance (% T1) | H1: Relative abundance (% T2) | I1: Relative abundance (% T3) | J1: Completeness (%) | K1: Genome size (kb) | L1: N50 (kb) | M1: Predicted genes
A2: GCA_976997615 | B2: R-92805 | C2: genus | D2: Aquipseudomonas | E2: ++ | F2: =_xlfn.XLOOKUP($A2,'Relative abundances MGX'!$A$2:$A$100,'Relative abundances MGX'!B$2:B$100) -> 97.379876 | G2: =_xlfn.XLOOKUP($A2,'Relative abundances MGX'!$A$2:$A$100,'Relative abundances MGX'!C$2:C$100) -> 98.092866 | H2: =_xlfn.XLOOKUP($A2,'Relative abundances MGX'!$A$2:$A$100,'Relative abundances MGX'!D$2:D$100) -> 98.545754 | I2: =_xlfn.XLOOKUP($A2,'Relative abundances MGX'!$A$2:$A$100,'Relative abundances MGX'!E$2:E$100) -> 97.344951 | J2: =_xlfn.XLOOKUP($A2,'CheckM genomes'!$A$2:$A$15,'CheckM genomes'!D$2:D$15) -> 100 | K2: =_xlfn.XLOOKUP($A2,'CheckM genomes'!$A$2:$A$15,'CheckM genomes'!G$2:G$15) -> 8073 | L2: =_xlfn.XLOOKUP($A2,'CheckM genomes'!$A$2:$A$15,'CheckM genomes'!I$2:I$15) -> 6667 | M2: =_xlfn.XLOOKUP($A2,'CheckM genomes'!$A$2:$A$15,'CheckM genomes'!K$2:K$15) -> 7580
A3: GCA_977008135 | B3: R-92850 | C3: species | D3: Stenotrophomonas maltophilia_AQ | E3: - | F3: =_xlfn.XLOOKUP($A3,'Relative abundances MGX'!$A$2:$A$100,'Relative abundances MGX'!B$2:B$100) -> 0.76475712 | G3: =_xlfn.XLOOKUP($A3,'Relative abundances MGX'!$A$2:$A$100,'Relative abundances MGX'!C$2:C$100) -> 0.51280915 | H3: =_xlfn.XLOOKUP($A3,'Relative abundances MGX'!$A$2:$A$100,'Relative abundances MGX'!D$2:D$100) -> 0.35459369 | I3: =_xlfn.XLOOKUP($A3,'Relative abundances MGX'!$A$2:$A$100,'Relative abundances MGX'!E$2:E$100) -> 0.43377832 | J3: =_xlfn.XLOOKUP($A3,'CheckM genomes'!$A$2:$A$15,'CheckM genomes'!D$2:D$15) -> 100 | K3: =_xlfn.XLOOKUP($A3,'CheckM genomes'!$A$2:$A$15,'CheckM genomes'!G$2:G$15) -> 7025 | L3: =_xlfn.XLOOKUP($A3,'CheckM genomes'!$A$2:$A$15,'CheckM genomes'!I$2:I$15) -> 6966 | M3: =_xlfn.XLOOKUP($A3,'CheckM genomes'!$A$2:$A$15,'CheckM genomes'!K$2:K$15) -> 6306
A4: bin.5 | C4: species | D4: Variovorax sp025486315 | F4: =_xlfn.XLOOKUP($A4,'Relative abundances MGX'!$A$2:$A$100,'Relative abundances MGX'!B$2:B$100) -> 0.34060298 | G4: =_xlfn.XLOOKUP($A4,'Relative abundances MGX'!$A$2:$A$100,'Relative abundances MGX'!C$2:C$100) -> 0.49977841 | H4: =_xlfn.XLOOKUP($A4,'Relative abundances MGX'!$A$2:$A$100,'Relative abundances MGX'!D$2:D$100) -> 0.32381619 | I4: =_xlfn.XLOOKUP($A4,'Relative abundances MGX'!$A$2:$A$100,'Relative abundances MGX'!E$2:E$100) -> 1.294859 | J4: =_xlfn.XLOOKUP($A4,'CheckM MAGs'!$A$2:$A$15,'CheckM MAGs'!D$2:D$15) -> 99.1 | K4: =_xlfn.XLOOKUP($A4,'CheckM MAGs'!$A$2:$A$15,'CheckM MAGs'!G$2:G$15) -> 5282 | L4: =_xlfn.XLOOKUP($A4,'CheckM MAGs'!$A$2:$A$15,'CheckM MAGs'!I$2:I$15) -> 231 | M4: =_xlfn.XLOOKUP($A4,'CheckM MAGs'!$A$2:$A$15,'CheckM MAGs'!K$2:K$15) -> 4947
A5: GCA_976997695 | B5: R-92826 | C5: species | D5: Aquipseudomonas sp900187605 | E5: + | F5: =_xlfn.XLOOKUP($A5,'Relative abundances MGX'!$A$2:$A$100,'Relative abundances MGX'!B$2:B$100) -> 0.20839824 | G5: =_xlfn.XLOOKUP($A5,'Relative abundances MGX'!$A$2:$A$100,'Relative abundances MGX'!C$2:C$100) -> 0.1826143 | H5: =_xlfn.XLOOKUP($A5,'Relative abundances MGX'!$A$2:$A$100,'Relative abundances MGX'!D$2:D$100) -> 0.17701346 | I5: =_xlfn.XLOOKUP($A5,'Relative abundances MGX'!$A$2:$A$100,'Relative abundances MGX'!E$2:E$100) -> 0.17906018 | J5: =_xlfn.XLOOKUP($A5,'CheckM genomes'!$A$2:$A$15,'CheckM genomes'!D$2:D$15) -> 100 | K5: =_xlfn.XLOOKUP($A5,'CheckM genomes'!$A$2:$A$15,'CheckM genomes'!G$2:G$15) -> 7003 | L5: =_xlfn.XLOOKUP($A5,'CheckM genomes'!$A$2:$A$15,'CheckM genomes'!I$2:I$15) -> 7003 | M5: =_xlfn.XLOOKUP($A5,'CheckM genomes'!$A$2:$A$15,'CheckM genomes'!K$2:K$15) -> 6259
A6: GCA_977008005 | B6: R-92830 | C6: species | D6: Aquipseudomonas fluorescens_B | E6: ++ | F6: =_xlfn.XLOOKUP($A6,'Relative abundances MGX'!$A$2:$A$100,'Relative abundances MGX'!B$2:B$100) -> 0.14528555 | G6: =_xlfn.XLOOKUP($A6,'Relative abundances MGX'!$A$2:$A$100,'Relative abundances MGX'!C$2:C$100) -> 0.13327034 | H6: =_xlfn.XLOOKUP($A6,'Relative abundances MGX'!$A$2:$A$100,'Relative abundances MGX'!D$2:D$100) -> 0.15891166 | I6: =_xlfn.XLOOKUP($A6,'Relative abundances MGX'!$A$2:$A$100,'Relative abundances MGX'!E$2:E$100) -> 0.12724533 | J6: =_xlfn.XLOOKUP($A6,'CheckM genomes'!$A$2:$A$15,'CheckM genomes'!D$2:D$15) -> 100 | K6: =_xlfn.XLOOKUP($A6,'CheckM genomes'!$A$2:$A$15,'CheckM genomes'!G$2:G$15) -> 6999 | L6: =_xlfn.XLOOKUP($A6,'CheckM genomes'!$A$2:$A$15,'CheckM genomes'!I$2:I$15) -> 6999 | M6: =_xlfn.XLOOKUP($A6,'CheckM genomes'!$A$2:$A$15,'CheckM genomes'!K$2:K$15) -> 6211
A7: GCA_977007255 | B7: R-92861 | C7: species | D7: Aquipseudomonas umsongensis | E7: ++ | F7: =_xlfn.XLOOKUP($A7,'Relative abundances MGX'!$A$2:$A$100,'Relative abundances MGX'!B$2:B$100) -> 0.067858693 | G7: =_xlfn.XLOOKUP($A7,'Relative abundances MGX'!$A$2:$A$100,'Relative abundances MGX'!C$2:C$100) -> 0.064564795 | H7: =_xlfn.XLOOKUP($A7,'Relative abundances MGX'!$A$2:$A$100,'Relative abundances MGX'!D$2:D$100) -> 0.09567865 | I7: =_xlfn.XLOOKUP($A7,'Relative abundances MGX'!$A$2:$A$100,'Relative abundances MGX'!E$2:E$100) -> 0.05876613 | J7: =_xlfn.XLOOKUP($A7,'CheckM genomes'!$A$2:$A$15,'CheckM genomes'!D$2:D$15) -> 99.9 | K7: =_xlfn.XLOOKUP($A7,'CheckM genomes'!$A$2:$A$15,'CheckM genomes'!G$2:G$15) -> 4606 | L7: =_xlfn.XLOOKUP($A7,'CheckM genomes'!$A$2:$A$15,'CheckM genomes'!I$2:I$15) -> 4606 | M7: =_xlfn.XLOOKUP($A7,'CheckM genomes'!$A$2:$A$15,'CheckM genomes'!K$2:K$15) -> 3981
A8: GCA_977008125 | B8: R-92871 | C8: species | D8: Aquipseudomonas veronii | E8: + | F8: =_xlfn.XLOOKUP($A8,'Relative abundances MGX'!$A$2:$A$100,'Relative abundances MGX'!B$2:B$100) -> 0.069198801 | G8: =_xlfn.XLOOKUP($A8,'Relative abundances MGX'!$A$2:$A$100,'Relative abundances MGX'!C$2:C$100) -> 0.062709079 | H8: =_xlfn.XLOOKUP($A8,'Relative abundances MGX'!$A$2:$A$100,'Relative abundances MGX'!D$2:D$100) -> 0.080404781 | I8: =_xlfn.XLOOKUP($A8,'Relative abundances MGX'!$A$2:$A$100,'Relative abundances MGX'!E$2:E$100) -> 0.058153782 | J8: =_xlfn.XLOOKUP($A8,'CheckM genomes'!$A$2:$A$15,'CheckM genomes'!D$2:D$15) -> 100 | K8: =_xlfn.XLOOKUP($A8,'CheckM genomes'!$A$2:$A$15,'CheckM genomes'!G$2:G$15) -> 7046 | L8: =_xlfn.XLOOKUP($A8,'CheckM genomes'!$A$2:$A$15,'CheckM genomes'!I$2:I$15) -> 5255 | M8: =_xlfn.XLOOKUP($A8,'CheckM genomes'!$A$2:$A$15,'CheckM genomes'!K$2:K$15) -> 6311
A9: GCA_977008225 | B9: R-92873 | C9: species | D9: Aquipseudomonas azerbaijanoccidentalis | E9: ++ | F9: =_xlfn.XLOOKUP($A9,'Relative abundances MGX'!$A$2:$A$100,'Relative abundances MGX'!B$2:B$100) -> 0.029616224 | G9: =_xlfn.XLOOKUP($A9,'Relative abundances MGX'!$A$2:$A$100,'Relative abundances MGX'!C$2:C$100) -> 0.028936745 | H9: =_xlfn.XLOOKUP($A9,'Relative abundances MGX'!$A$2:$A$100,'Relative abundances MGX'!D$2:D$100) -> 0.065809858 | I9: =_xlfn.XLOOKUP($A9,'Relative abundances MGX'!$A$2:$A$100,'Relative abundances MGX'!E$2:E$100) -> 0.03419474 | J9: =_xlfn.XLOOKUP($A9,'CheckM genomes'!$A$2:$A$15,'CheckM genomes'!D$2:D$15) -> 100 | K9: =_xlfn.XLOOKUP($A9,'CheckM genomes'!$A$2:$A$15,'CheckM genomes'!G$2:G$15) -> 6973 | L9: =_xlfn.XLOOKUP($A9,'CheckM genomes'!$A$2:$A$15,'CheckM genomes'!I$2:I$15) -> 6973 | M9: =_xlfn.XLOOKUP($A9,'CheckM genomes'!$A$2:$A$15,'CheckM genomes'!K$2:K$15) -> 6245
A10: bin.11 | C10: species | D10: Cupriavidus necator_D | F10: =_xlfn.XLOOKUP($A10,'Relative abundances MGX'!$A$2:$A$100,'Relative abundances MGX'!B$2:B$100) -> 0.14143509 | G10: =_xlfn.XLOOKUP($A10,'Relative abundances MGX'!$A$2:$A$100,'Relative abundances MGX'!C$2:C$100) -> 0.15856912 | H10: =_xlfn.XLOOKUP($A10,'Relative abundances MGX'!$A$2:$A$100,'Relative abundances MGX'!D$2:D$100) -> 0.050635038 | I10: =_xlfn.XLOOKUP($A10,'Relative abundances MGX'!$A$2:$A$100,'Relative abundances MGX'!E$2:E$100) -> 0.14810655 | J10: =_xlfn.XLOOKUP($A10,'CheckM MAGs'!$A$2:$A$15,'CheckM MAGs'!D$2:D$15) -> 94.9 | K10: =_xlfn.XLOOKUP($A10,'CheckM MAGs'!$A$2:$A$15,'CheckM MAGs'!G$2:G$15) -> 6894 | L10: =_xlfn.XLOOKUP($A10,'CheckM MAGs'!$A$2:$A$15,'CheckM MAGs'!I$2:I$15) -> 9 | M10: =_xlfn.XLOOKUP($A10,'CheckM MAGs'!$A$2:$A$15,'CheckM MAGs'!K$2:K$15) -> 7163
A11: bin.3 | C11: genus | D11: Microbacterium | F11: =_xlfn.XLOOKUP($A11,'Relative abundances MGX'!$A$2:$A$100,'Relative abundances MGX'!B$2:B$100) -> 0.74068002 | G11: =_xlfn.XLOOKUP($A11,'Relative abundances MGX'!$A$2:$A$100,'Relative abundances MGX'!C$2:C$100) -> 0.16212152 | H11: =_xlfn.XLOOKUP($A11,'Relative abundances MGX'!$A$2:$A$100,'Relative abundances MGX'!D$2:D$100) -> 0.04804085 | I11: =_xlfn.XLOOKUP($A11,'Relative abundances MGX'!$A$2:$A$100,'Relative abundances MGX'!E$2:E$100) -> 0.20611133 | J11: =_xlfn.XLOOKUP($A11,'CheckM MAGs'!$A$2:$A$15,'CheckM MAGs'!D$2:D$15) -> 98.9 | K11: =_xlfn.XLOOKUP($A11,'CheckM MAGs'!$A$2:$A$15,'CheckM MAGs'!G$2:G$15) -> 2720 | L11: =_xlfn.XLOOKUP($A11,'CheckM MAGs'!$A$2:$A$15,'CheckM MAGs'!I$2:I$15) -> 118 | M11: =_xlfn.XLOOKUP($A11,'CheckM MAGs'!$A$2:$A$15,'CheckM MAGs'!K$2:K$15) -> 2505
A12: GCA_977007905 | B12: R-92868 | C12: species | D12: Aquipseudomonas gorinensis | E12: - | F12: =_xlfn.XLOOKUP($A12,'Relative abundances MGX'!$A$2:$A$100,'Relative abundances MGX'!B$2:B$100) -> 0.036136926 | G12: =_xlfn.XLOOKUP($A12,'Relative abundances MGX'!$A$2:$A$100,'Relative abundances MGX'!C$2:C$100) -> 0.036394387 | H12: =_xlfn.XLOOKUP($A12,'Relative abundances MGX'!$A$2:$A$100,'Relative abundances MGX'!D$2:D$100) -> 0.038763093 | I12: =_xlfn.XLOOKUP($A12,'Relative abundances MGX'!$A$2:$A$100,'Relative abundances MGX'!E$2:E$100) -> 0.040074586 | J12: =_xlfn.XLOOKUP($A12,'CheckM genomes'!$A$2:$A$15,'CheckM genomes'!D$2:D$15) -> 100 | K12: =_xlfn.XLOOKUP($A12,'CheckM genomes'!$A$2:$A$15,'CheckM genomes'!G$2:G$15) -> 7907 | L12: =_xlfn.XLOOKUP($A12,'CheckM genomes'!$A$2:$A$15,'CheckM genomes'!I$2:I$15) -> 7884 | M12: =_xlfn.XLOOKUP($A12,'CheckM genomes'!$A$2:$A$15,'CheckM genomes'!K$2:K$15) -> 7246
A13: GCA_977008195 | B13: R-92847 | C13: species | D13: Aquipseudomonas chlororaphis_I | E13: + | F13: =_xlfn.XLOOKUP($A13,'Relative abundances MGX'!$A$2:$A$100,'Relative abundances MGX'!B$2:B$100) -> 0.036001544 | G13: =_xlfn.XLOOKUP($A13,'Relative abundances MGX'!$A$2:$A$100,'Relative abundances MGX'!C$2:C$100) -> 0.031513413 | H13: =_xlfn.XLOOKUP($A13,'Relative abundances MGX'!$A$2:$A$100,'Relative abundances MGX'!D$2:D$100) -> 0.0334291 | I13: =_xlfn.XLOOKUP($A13,'Relative abundances MGX'!$A$2:$A$100,'Relative abundances MGX'!E$2:E$100) -> 0.030575035 | J13: =_xlfn.XLOOKUP($A13,'CheckM genomes'!$A$2:$A$15,'CheckM genomes'!D$2:D$15) -> 99.8 | K13: =_xlfn.XLOOKUP($A13,'CheckM genomes'!$A$2:$A$15,'CheckM genomes'!G$2:G$15) -> 6385 | L13: =_xlfn.XLOOKUP($A13,'CheckM genomes'!$A$2:$A$15,'CheckM genomes'!I$2:I$15) -> 6385 | M13: =_xlfn.XLOOKUP($A13,'CheckM genomes'!$A$2:$A$15,'CheckM genomes'!K$2:K$15) -> 5431
A14: GCA_976997495 | B14: R-92829 | C14: species | D14: Sphingobacterium faecium | E14: inconclusive | F14: =_xlfn.XLOOKUP($A14,'Relative abundances MGX'!$A$2:$A$100,'Relative abundances MGX'!B$2:B$100) -> 0.024101419 | G14: =_xlfn.XLOOKUP($A14,'Relative abundances MGX'!$A$2:$A$100,'Relative abundances MGX'!C$2:C$100) -> 0.015505643 | H14: =_xlfn.XLOOKUP($A14,'Relative abundances MGX'!$A$2:$A$100,'Relative abundances MGX'!D$2:D$100) -> 0.0091845908 | I14: =_xlfn.XLOOKUP($A14,'Relative abundances MGX'!$A$2:$A$100,'Relative abundances MGX'!E$2:E$100) -> 0.019488021 | J14: =_xlfn.XLOOKUP($A14,'CheckM genomes'!$A$2:$A$15,'CheckM genomes'!D$2:D$15) -> 100 | K14: =_xlfn.XLOOKUP($A14,'CheckM genomes'!$A$2:$A$15,'CheckM genomes'!G$2:G$15) -> 5381 | L14: =_xlfn.XLOOKUP($A14,'CheckM genomes'!$A$2:$A$15,'CheckM genomes'!I$2:I$15) -> 5381 | M14: =_xlfn.XLOOKUP($A14,'CheckM genomes'!$A$2:$A$15,'CheckM genomes'!K$2:K$15) -> 4545
A15: GCA_976997575 | B15: R-92818 | C15: species | D15: Variovorax boronicumulans | E15: + | F15: =_xlfn.XLOOKUP($A15,'Relative abundances MGX'!$A$2:$A$100,'Relative abundances MGX'!B$2:B$100) -> 0.0051519189 | G15: =_xlfn.XLOOKUP($A15,'Relative abundances MGX'!$A$2:$A$100,'Relative abundances MGX'!C$2:C$100) -> 0.0065575262 | H15: =_xlfn.XLOOKUP($A15,'Relative abundances MGX'!$A$2:$A$100,'Relative abundances MGX'!D$2:D$100) -> 0.0064087747 | I15: =_xlfn.XLOOKUP($A15,'Relative abundances MGX'!$A$2:$A$100,'Relative abundances MGX'!E$2:E$100) -> 0.0091922185 | J15: =_xlfn.XLOOKUP($A15,'CheckM genomes'!$A$2:$A$15,'CheckM genomes'!D$2:D$15) -> 100 | K15: =_xlfn.XLOOKUP($A15,'CheckM genomes'!$A$2:$A$15,'CheckM genomes'!G$2:G$15) -> 6715 | L15: =_xlfn.XLOOKUP($A15,'CheckM genomes'!$A$2:$A$15,'CheckM genomes'!I$2:I$15) -> 6715 | M15: =_xlfn.XLOOKUP($A15,'CheckM genomes'!$A$2:$A$15,'CheckM genomes'!K$2:K$15) -> 6117
A16: GCA_977004875 | B16: R-92807 | C16: species | D16: Sphingobacterium paramultivorum | E16: + | F16: =_xlfn.XLOOKUP($A16,'Relative abundances MGX'!$A$2:$A$100,'Relative abundances MGX'!B$2:B$100) -> 0.0031850387 | G16: =_xlfn.XLOOKUP($A16,'Relative abundances MGX'!$A$2:$A$100,'Relative abundances MGX'!C$2:C$100) -> 0.003730972 | H16: =_xlfn.XLOOKUP($A16,'Relative abundances MGX'!$A$2:$A$100,'Relative abundances MGX'!D$2:D$100) -> 0.0043940847 | I16: =_xlfn.XLOOKUP($A16,'Relative abundances MGX'!$A$2:$A$100,'Relative abundances MGX'!E$2:E$100) -> 0.0036840086 | J16: =_xlfn.XLOOKUP($A16,'CheckM genomes'!$A$2:$A$15,'CheckM genomes'!D$2:D$15) -> 100 | K16: =_xlfn.XLOOKUP($A16,'CheckM genomes'!$A$2:$A$15,'CheckM genomes'!G$2:G$15) -> 4481 | L16: =_xlfn.XLOOKUP($A16,'CheckM genomes'!$A$2:$A$15,'CheckM genomes'!I$2:I$15) -> 4481 | M16: =_xlfn.XLOOKUP($A16,'CheckM genomes'!$A$2:$A$15,'CheckM genomes'!K$2:K$15) -> 3972
A17: GCA_977007985 | B17: R-92845 | C17: species | D17: Stenotrophomonas rhizophila | E17: - | F17: =_xlfn.XLOOKUP($A17,'Relative abundances MGX'!$A$2:$A$100,'Relative abundances MGX'!B$2:B$100) -> 0.0051697807 | G17: =_xlfn.XLOOKUP($A17,'Relative abundances MGX'!$A$2:$A$100,'Relative abundances MGX'!C$2:C$100) -> 0.0050208106 | H17: =_xlfn.XLOOKUP($A17,'Relative abundances MGX'!$A$2:$A$100,'Relative abundances MGX'!D$2:D$100) -> 0.0037079616 | I17: =_xlfn.XLOOKUP($A17,'Relative abundances MGX'!$A$2:$A$100,'Relative abundances MGX'!E$2:E$100) -> 0.0087402836 | J17: =_xlfn.XLOOKUP($A17,'CheckM genomes'!$A$2:$A$15,'CheckM genomes'!D$2:D$15) -> 100 | K17: =_xlfn.XLOOKUP($A17,'CheckM genomes'!$A$2:$A$15,'CheckM genomes'!G$2:G$15) -> 6648 | L17: =_xlfn.XLOOKUP($A17,'CheckM genomes'!$A$2:$A$15,'CheckM genomes'!I$2:I$15) -> 6648 | M17: =_xlfn.XLOOKUP($A17,'CheckM genomes'!$A$2:$A$15,'CheckM genomes'!K$2:K$15) -> 5854
A18: GCA_977004795 | B18: R-92825 | C18: species | D18: Rahnella aceris | E18: - | F18: =_xlfn.XLOOKUP($A18,'Relative abundances MGX'!$A$2:$A$100,'Relative abundances MGX'!B$2:B$100) -> 0.0025442715 | G18: =_xlfn.XLOOKUP($A18,'Relative abundances MGX'!$A$2:$A$100,'Relative abundances MGX'!C$2:C$100) -> 0.0030373994 | H18: =_xlfn.XLOOKUP($A18,'Relative abundances MGX'!$A$2:$A$100,'Relative abundances MGX'!D$2:D$100) -> 0.0034544236 | I18: =_xlfn.XLOOKUP($A18,'Relative abundances MGX'!$A$2:$A$100,'Relative abundances MGX'!E$2:E$100) -> 0.0030198819 | J18: =_xlfn.XLOOKUP($A18,'CheckM genomes'!$A$2:$A$15,'CheckM genomes'!D$2:D$15) -> 100 | K18: =_xlfn.XLOOKUP($A18,'CheckM genomes'!$A$2:$A$15,'CheckM genomes'!G$2:G$15) -> 5464 | L18: =_xlfn.XLOOKUP($A18,'CheckM genomes'!$A$2:$A$15,'CheckM genomes'!I$2:I$15) -> 4862 | M18: =_xlfn.XLOOKUP($A18,'CheckM genomes'!$A$2:$A$15,'CheckM genomes'!K$2:K$15) -> 4965

Sheet CheckM MAGs
A1: Bin | B1: Taxonomy | C1: Markers | D1: Completeness | E1: Contamination | F1: GC (%) | G1: Genome size (kb) | H1: Contigs | I1: N50 (kb) | J1: Mean contig length (kb) | K1: Predicted genes
A2: bin.9 | B2: root | C2: 56 | D2: 4.2 | E2: 0 | F2: 55.7 | G2: 219 | H2: 38 | I2: 6 | J2: 6 | K2: 263
A3: bin.4 | B3: root | C3: 56 | D3: 0 | E3: 0 | F3: 54.5 | G3: 373 | H3: 49 | I3: 12 | J3: 8 | K3: 391
A4: bin.6 | B4: root | C4: 56 | D4: 0 | E4: 0 | F4: 56.4 | G4: 358 | H4: 19 | I4: 60 | J4: 19 | K4: 344
A5: bin.8 | B5: root | C5: 56 | D5: 0 | E5: 0 | F5: 63.3 | G5: 530 | H5: 18 | I5: 56 | J5: 29 | K5: 566
A6: bin.7 | B6: root | C6: 56 | D6: 0 | E6: 0 | F6: 60.6 | G6: 2925 | H6: 786 | I6: 4 | J6: 4 | K6: 3204
A7: bin.10 | B7: k__Bacteria | C7: 103 | D7: 17.5 | E7: 1.8 | F7: 68.2 | G7: 1306 | H7: 508 | I7: 2 | J7: 3 | K7: 1662
A8: bin.3 | B8: o__Actinomycetales | C8: 400 | D8: 98.9 | E8: 1.5 | F8: 67.9 | G8: 2720 | H8: 51 | I8: 118 | J8: 53 | K8: 2505
A9: bin.1 | B9: f__Xanthomonadaceae | C9: 659 | D9: 99.3 | E9: 0 | F9: 66.3 | G9: 4420 | H9: 86 | I9: 91 | J9: 51 | K9: 3924
A10: bin.5 | B10: o__Burkholderiales | C10: 427 | D10: 99.1 | E10: 1.2 | F10: 68.1 | G10: 5282 | H10: 50 | I10: 231 | J10: 106 | K10: 4947
A11: bin.11 | B11: f__Burkholderiaceae | C11: 596 | D11: 94.9 | E11: 1.7 | F11: 66.4 | G11: 6894 | H11: 1053 | I11: 9 | J11: 7 | K11: 7163
A12: bin.2 | B12: o__Pseudomonadales | C12: 813 | D12: 96.9 | E12: 0.4 | F12: 59.3 | G12: 5769 | H12: 299 | I12: 31 | J12: 19 | K12: 5379

Sheet Phylogeny MAGs
A1: Genome | B1: Rank | C1: Name
A2: bin.1 | B2: species | C2: Stenotrophomonas maltophilia_AQ
A3: bin.10 | B3: species | C3: Microbacterium sp001619615
A4: bin.11 | B4: species | C4: Cupriavidus necator_D
A5: bin.2 | B5: genus | C5: Aquipseudomonas
A6: bin.3 | B6: genus | C6: Microbacterium
A7: bin.4 | B7: Unclassified Bacteria
A8: bin.5 | B8: species | C8: Variovorax sp025486315
A9: bin.6 | B9: Unclassified
A10: bin.7 | B10: species | C10: Aquipseudomonas mohnii
A11: bin.8 | B11: Unclassified Bacteria
A12: bin.9 | B12: Unclassified Bacteria

Sheet CheckM genomes
A1: Bin | B1: Taxonomy | C1: Markers | D1: Completeness | E1: Contamination | F1: GC (%) | G1: Genome size (kb) | H1: Contigs | I1: N50 (kb) | J1: Mean contig length (kb) | K1: Predicted genes
A2: GCA_977008195 | B2: p__Bacteroidetes | C2: 316 | D2: 99.8 | E2: 1.9 | F2: 39.9 | G2: 6385 | H2: 1 | I2: 6385 | J2: 6385 | K2: 5431
A3: GCA_977007255 | B3: f__Xanthomonadaceae | C3: 659 | D3: 99.9 | E3: 0.2 | F3: 67.4 | G3: 4606 | H3: 1 | I3: 4606 | J3: 4606 | K3: 3981
A4: GCA_977008005 | B4: o__Pseudomonadales | C4: 813 | D4: 100 | E4: 0.3 | F4: 62.9 | G4: 6999 | H4: 1 | I4: 6999 | J4: 6999 | K4: 6211
A5: GCA_977008125 | B5: o__Pseudomonadales | C5: 813 | D5: 100 | E5: 0.7 | F5: 59.5 | G5: 7046 | H5: 3 | I5: 5255 | J5: 2349 | K5: 6311
A6: GCA_976997615 | B6: o__Pseudomonadales | C6: 813 | D6: 100 | E6: 1.1 | F6: 58.6 | G6: 8073 | H6: 6 | I6: 6667 | J6: 1345 | K6: 7580
A7: GCA_976997695 | B7: o__Pseudomonadales | C7: 813 | D7: 100 | E7: 1.1 | F7: 60.6 | G7: 7003 | H7: 1 | I7: 7003 | J7: 7003 | K7: 6259
A8: GCA_977008135 | B8: o__Pseudomonadales | C8: 813 | D8: 100 | E8: 1.4 | F8: 58.7 | G8: 7025 | H8: 5 | I8: 6966 | J8: 1405 | K8: 6306
A9: GCA_977007985 | B9: o__Pseudomonadales | C9: 813 | D9: 100 | E9: 0.8 | F9: 59.1 | G9: 6648 | H9: 1 | I9: 6648 | J9: 6648 | K9: 5854
A10: GCA_977004875 | B10: f__Xanthomonadaceae | C10: 659 | D10: 100 | E10: 0 | F10: 66.2 | G10: 4481 | H10: 1 | I10: 4481 | J10: 4481 | K10: 3972
A11: GCA_976997495 | B11: p__Bacteroidetes | C11: 316 | D11: 100 | E11: 1.9 | F11: 36.4 | G11: 5381 | H11: 1 | I11: 5381 | J11: 5381 | K11: 4545
A12: GCA_977004795 | B12: f__Enterobacteriaceae | C12: 546 | D12: 100 | E12: 0.4 | F12: 52.3 | G12: 5464 | H12: 2 | I12: 4862 | J12: 2732 | K12: 4965
A13: GCA_976997575 | B13: o__Burkholderiales | C13: 427 | D13: 100 | E13: 0.7 | F13: 68.4 | G13: 6715 | H13: 1 | I13: 6715 | J13: 6715 | K13: 6117
... A15: GCA_977007905 | B15: o__Pseudomonadales | C15: 813 | D15: 100 | E15: 0.8 | F15: 60.3 | G15: 7907 | H15: 3 | I15: 7884 | J15: 2636 | K15: 7246

Sheet Phylogeny genomes
A1: Genome | B1: Rank | C1: Name
A2: GCA_976997495 | B2: species | C2: Sphingobacterium faecium
A3: GCA_976997575 | B3: species | C3: Variovorax boronicumulans
A4: GCA_976997615 | B4: genus | C4: Aquipseudomonas
A5: GCA_976997695 | B5: species | C5: Aquipseudomonas sp900187605
A6: GCA_977004795 | B6: species | C6: Rahnella aceris
A7: GCA_977004875 | B7: species | C7: Sphingobacterium paramultivorum
A8: GCA_977007255 | B8: species | C8: Aquipseudomonas umsongensis
A9: GCA_977007905 | B9: species | C9: Aquipseudomonas gorinensis
A10: GCA_977007985 | B10: species | C10: Stenotrophomonas rhizophila
A11: GCA_977008005 | B11: species | C11: Aquipseudomonas fluorescens_B
A12: GCA_977008125 | B12: species | C12: Aquipseudomonas veronii
... A15: GCA_977008225 | B15: species | C15: Aquipseudomonas azerbaijanoccidentalis

Sheet Mapping
A1: Status | B1: mean (%) | C1: std (%)
A2: Assigned | B2: 87.147983 | C2: 0.72895421
A3: Unassigned_Unmapped | B3: 1.7607943 | C3: 0.076294596
A4: Unassigned_Singleton | B4: 2.5801724 | C4: 0.24470306
A5: Unassigned_NoFeatures | B5: 2.1759298 | C5: 0.25931815
A6: Unassigned_Ambiguity | B6: 6.3351207 | C6: 0.81998176

Sheet Relative abundances MGX
A1: Genome | B1: T0_1_1_relative | C1: CN_T1_1_1_relative | D1: CN_T2_1_1_relative | E1: CN_T3_1_1_relative
A2: GCA_977004795 | B2: 0.0025442715 | C2: 0.0030373994 | D2: 0.0034544236 | E2: 0.0030198819
A3: GCA_977004875 | B3: 0.0031850387 | C3: 0.003730972 | D3: 0.0043940847 | E3: 0.0036840086
A4: GCA_977007985 | B4: 0.0051697807 | C4: 0.0050208106 | D4: 0.0037079616 | E4: 0.0087402836
A5: GCA_976997575 | B5: 0.0051519189 | C5: 0.0065575262 | D5: 0.0064087747 | E5: 0.0091922185
A6: GCA_976997495 | B6: 0.024101419 | C6: 0.015505643 | D6: 0.0091845908 | E6: 0.019488021
A7: GCA_977008225 | B7: 0.029616224 | C7: 0.028936745 | D7: 0.065809858 | E7: 0.03419474
A8: GCA_977008195 | B8: 0.036001544 | C8: 0.031513413 | D8: 0.0334291 | E8: 0.030575035
A9: GCA_977007905 | B9: 0.036136926 | C9: 0.036394387 | D9: 0.038763093 | E9: 0.040074586
A10: GCA_977008125 | B10: 0.069198801 | C10: 0.062709079 | D10: 0.080404781 | E10: 0.058153782
A11: GCA_977007255 | B11: 0.067858693 | C11: 0.064564795 | D11: 0.09567865 | E11: 0.05876613
A12: GCA_977008005 | B12: 0.14528555 | C12: 0.13327034 | D12: 0.15891166 | E12: 0.12724533
A13: bin.11 | B13: 0.14143509 | C13: 0.15856912 | D13: 0.050635038 | E13: 0.14810655
... A18: GCA_976997615 | B18: 97.379876 | C18: 98.092866 | D18: 98.545754 | E18: 97.344951

Sheet Quast MEGAHIT
B1: Assembly | C1: # contigs (>= 0 bp) | D1: # contigs (>= 1000 bp) | E1: # contigs (>= 5000 bp) | F1: # contigs (>= 10000 bp) | G1: # contigs (>= 25000 bp) | H1: # contigs (>= 50000 bp) | I1: Total length (>= 0 bp) | J1: Total length (>= 1000 bp) | K1: Total length (>= 5000 bp) | L1: Total length (>= 10000 bp) | M1: Total length (>= 25000 bp) | N1: Total length (>= 50000 bp) | O1: # contigs | P1: Largest contig | Q1: Total length | R1: Reference length | S1: N50 | T1: N75 | U1: L50 | V1: L75 | W1: # misassemblies | X1: # misassembled contigs | Y1: Misassembled contigs length | Z1: # local misassemblies | AA1: # scaffold gap ext. mis. | AB1: # scaffold gap loc. mis. | AC1: # unaligned mis. contigs | AD1: # unaligned contigs | AE1: Unaligned length | AF1: Genome fraction (%) | AG1: Duplication ratio | AH1: # N's per 100 kbp | AI1: # mismatches per 100 kbp | AJ1: # indels per 100 kbp | AK1: Largest alignment | AL1: Total aligned length | AM1: NA50 | AN1: NA75 | AO1: LA50 | AP1: LA75
A2: 0 | B2: bin.1 | C2: 56 | D2: 56 | E2: 54 | F2: 48 | G2: 32 | H2: 17 | I2: 2746675 | J2: 2746675 | K2: 2741580 | L2: 2694293 | M2: 2443670 | N2: 1919630 | O2: 56 | P2: 303281 | Q2: 2746675 | R2: 90704758 | S2: 82227 | T2: 38474 | U2: 10 | V2: 21 | W2: 0 | X2: 0 | Y2: 0 | Z2: 0 | AA2: 0 | AB2: 0 | AC2: 0 | AD2: 55 + 1 part | AE2: 2746586 | AF2: 0 | AG2: 1 | AH2: 0 | AI2: 4494.38 | AJ2: 0 | AK2: 89 | AL2: 89 | AM2: - | AN2: - | AO2: - | AP2: -
A3: 1 | B3: bin.2 | C3: 175 | D3: 175 | E3: 149 | F3: 120 | G3: 65 | H3: 17 | I3: 4426857 | J3: 4426857 | K3: 4342112 | L3: 4113319 | M3: 3181357 | N3: 1484636 | O3: 175 | P3: 181228 | Q3: 4426857 | R3: 90704758 | S3: 36829 | T3: 21756 | U3: 35 | V3: 72 | W3: 9 | X3: 8 | Y3: 427578 | Z3: 1 | AA3: 0 | AB3: 0 | AC3: 0 | AD3: 1 + 1 part | AE3: 3655 | AF3: 4.871 | AG3: 1.001 | AH3: 0 | AI3: 3.55 | AJ3: 0.43 | AK3: 156995 | AL3: 4420521 | AM3: 36785 | AN3: 20661 | AO3: 36 | AP3: 74
A4: 2 | B4: bin.3 | C4: 423 | D4: 423 | E4: 20 | F4: 7 | G4: 2 | H4: 0 | I4: 1107920 | J4: 1107920 | K4: 249054 | L4: 154812 | M4: 81657 | N4: 0 | O4: 423 | P4: 43671 | Q4: 1107920 | R4: 90704758 | S4: 2358 | T4: 1805 | U4: 120 | V4: 256 | W4: 3 | X4: 3 | Y4: 48262 | Z4: 3 | AA4: 0 | AB4: 0 | AC4: 9 | AD4: 385 + 22 part | AE4: 1009759 | AF4: 0.111 | AG4: 1.006 | AH4: 0 | AI4: 973.34 | AJ4: 16.9 | AK4: 33467 | AL4: 97677 | AM4: - | AN4: - | AO4: - | AP4: -
A5: 3 | B5: bin.4 | C5: 1115 | D5: 1115 | E5: 487 | F5: 173 | G5: 8 | H5: 0 | I5: 6743221 | J5: 6743221 | K5: 4799947 | L5: 2576458 | M5: 234954 | N5: 0 | O5: 1115 | P5: 37612 | Q5: 6743221 | R5: 90704758 | S5: 7895 | T5: 4661 | U5: 263 | V5: 541 | W5: 0 | X5: 0 | Y5: 0 | Z5: 0 | AA5: 0 | AB5: 0 | AC5: 2 | AD5: 1059 + 56 part | AE5: 6736776 | AF5: 0.008 | AG5: 1.019 | AH5: 0 | AI5: 3761.71 | AJ5: 0 | AK5: 337 | AL5: 6445 | AM5: - | AN5: - | AO5: - | AP5: -
A6: 4 | B6: bin.5 | C6: 20 | D6: 20 | E6: 16 | F6: 13 | G6: 9 | H6: 3 | I6: 574424 | J6: 574424 | K6: 563202 | L6: 544694 | M6: 470300 | N6: 251835 | O6: 20 | P6: 93508 | Q6: 574424 | R6: 90704758 | S6: 48356 | T6: 32783 | U6: 4 | V6: 8 | W6: 0 | X6: 0 | Y6: 0 | Z6: 0 | AA6: 0 | AB6: 0 | AC6: 1 | AD6: 19 + 1 part | AE6: 537919 | AF6: 0.04 | AG6: 1.001 | AH6: 0 | AI6: 3207.93 | AJ6: 158.35 | AK6: 26624 | AL6: 36505 | AM6: - | AN6: - | AO6: - | AP6: -
A7: 5 | B7: bin.6 | C7: 65 | D7: 65 | E7: 57 | F7: 53 | G7: 41 | H7: 28 | I7: 5264982 | J7: 5264982 | K7: 5240456 | L7: 5211392 | M7: 4999917 | N7: 4523133 | O7: 65 | P7: 707256 | Q7: 5264982 | R7: 90704758 | S7: 151857 | T7: 96170 | U7: 9 | V7: 20 | W7: 1 | X7: 1 | Y7: 13092 | Z7: 0 | AA7: 0 | AB7: 0 | AC7: 20 | AD7: 20 + 45 part | AE7: 5204106 | AF7: 0.067 | AG7: 1.005 | AH7: 0 | AI7: 3265.85 | AJ7: 49.14 | AK7: 12056 | AL7: 60876 | AM7: - | AN7: - | AO7: - | AP7: -
A8: 6 | B8: bin.7 | C8: 1064 | D8: 1064 | E8: 186 | F8: 22 | G8: 0 | H8: 0 | I8: 3775379 | J8: 3775379 | K8: 1354192 | L8: 274323 | M8: 0 | N8: 0 | O8: 1064 | P8: 14891 | Q8: 3775379 | R8: 90704758 | S8: 3975 | T8: 2704 | U8: 307 | V8: 599 | W8: 0 | X8: 0 | Y8: 0 | Z8: 1 | AA8: 0 | AB8: 0 | AC8: 60 | AD8: 671 + 381 part | AE8: 3625361 | AF8: 0.185 | AG8: 1.02 | AH8: 0 | AI8: 3016.85 | AJ8: 65.64 | AK8: 7606 | AL8: 149450 | AM8: - | AN8: - | AO8: - | AP8: -
A9: 7 | B9: bin.8 | C9: 141 | D9: 141 | E9: 132 | F9: 115 | G9: 77 | H9: 42 | I9: 5795691 | J9: 5795691 | K9: 5766080 | L9: 5638593 | M9: 5018069 | N9: 3718678 | O9: 141 | P9: 193857 | Q9: 5795691 | R9: 90704758 | S9: 70557 | T9: 40296 | U9: 28 | V9: 57 | W9: 17 | X9: 15 | Y9: 1075094 | Z9: 12 | AA9: 0 | AB9: 0 | AC9: 1 | AD9: 0 + 8 part | AE9: 59188 | AF9: 6.327 | AG9: 1.001 | AH9: 0 | AI9: 37.64 | AJ9: 1.81 | AK9: 193560 | AL9: 5734321 | AM9: 58892 | AN9: 35059 | AO9: 32 | AP9: 62
A10: 8 | B10: bin.9 | C10: 90 | D10: 90 | E10: 41 | F10: 26 | G10: 13 | H10: 6 | I10: 1288307 | J10: 1288307 | K10: 1151591 | L10: 1039821 | M10: 825672 | N10: 565398 | O10: 90 | P10: 168068 | Q10: 1288307 | R10: 90704758 | S10: 41062 | T10: 15999 | U10: 8 | V10: 21 | W10: 8 | X10: 7 | Y10: 287128 | Z10: 9 | AA10: 0 | AB10: 0 | AC10: 7 | AD10: 6 + 38 part | AE10: 413314 | AF10: 0.953 | AG10: 1.024 | AH10: 0 | AI10: 390.71 | AJ10: 6.36 | AK10: 168068 | AL10: 873776 | AM10: 15059 | AN10: - | AO10: 17 | AP10: -

Sheet Quast metaSPAdes
B1: Assembly | C1: # contigs (>= 0 bp) | D1: # contigs (>= 1000 bp) | E1: # contigs (>= 5000 bp) | F1: # contigs (>= 10000 bp) | G1: # contigs (>= 25000 bp) | H1: # contigs (>= 50000 bp) | I1: Total length (>= 0 bp) | J1: Total length (>= 1000 bp) | K1: Total length (>= 5000 bp) | L1: Total length (>= 10000 bp) | M1: Total length (>= 25000 bp) | N1: Total length (>= 50000 bp) | O1: # contigs | P1: Largest contig | Q1: Total length | R1: Reference length | S1: N50 | T1: N75 | U1: L50 | V1: L75 | W1: # misassemblies | X1: # misassembled contigs | Y1: Misassembled contigs length | Z1: # local misassemblies | AA1: # scaffold gap ext. mis. | AB1: # scaffold gap loc. mis. | AC1: # unaligned mis. contigs | AD1: # unaligned contigs | AE1: Unaligned length | AF1: Genome fraction (%) | AG1: Duplication ratio | AH1: # N's per 100 kbp | AI1: # mismatches per 100 kbp | AJ1: # indels per 100 kbp | AK1: Largest alignment | AL1: Total aligned length | AM1: NA50 | AN1: NA75 | AO1: LA50 | AP1: LA75
A2: 0 | B2: bin.1 | C2: 86 | D2: 86 | E2: 80 | F2: 76 | G2: 56 | H2: 26 | I2: 4420120 | J2: 4420120 | K2: 4407424 | L2: 4373009 | M2: 4052952 | N2: 2889031 | O2: 86 | P2: 232306 | Q2: 4420120 | R2: 90704758 | S2: 91299 | T2: 43452 | U2: 17 | V2: 36 | W2: 1 | X2: 1 | Y2: 72527 | Z2: 1 | AA2: 0 | AB2: 0 | AC2: 0 | AD2: 0 + 1 part | AE2: 1680 | AF2: 4.87 | AG2: 1 | AH2: 0 | AI2: 3.24 | AJ2: 1.02 | AK2: 232301 | AL2: 4417531 | AM2: 91234 | AN2: 43448 | AO2: 17 | AP2: 36
A3: 1 | B3: bin.10 | C3: 508 | D3: 508 | E3: 16 | F3: 6 | G3: 3 | H3: 0 | I3: 1306439 | J3: 1306439 | K3: 246120 | L3: 182721 | M3: 131145 | N3: 0 | O3: 508 | P3: 45980 | Q3: 1306439 | R3: 90704758 | S3: 2363 | T3: 1822 | U3: 150 | V3: 309 | W3: 0 | X3: 0 | Y3: 0 | Z3: 1 | AA3: 0 | AB3: 0 | AC3: 0 | AD3: 484 + 7 part | AE3: 1230709 | AF3: 0.087 | AG3: 1.019 | AH3: 0 | AI3: 508.18 | AJ3: 13.87 | AK3: 34316 | AL3: 75730 | AM3: - | AN3: - | AO3: - | AP3: -
A4: 2 | B4: bin.11 | C4: 1053 | D4: 1053 | E4: 488 | F4: 201 | G4: 20 | H4: 0 | I4: 6893758 | J4: 6893758 | K4: 5263281 | L4: 3223416 | M4: 627120 | N4: 0 | O4: 1053 | P4: 43984 | Q4: 6893758 | R4: 90704758 | S4: 9456 | T4: 5157 | U4: 225 | V4: 470 | W4: 0 | X4: 0 | Y4: 0 | Z4: 0 | AA4: 0 | AB4: 0 | AC4: 0 | AD4: 994 + 51 part | AE4: 6879872 | AF4: 0.016 | AG4: 1.009 | AH4: 0 | AI4: 1658.63 | AJ4: 14.18 | AK4: 1279 | AL4: 13883 | AM4: - | AN4: - | AO4: - | AP4: -
A5: 3 | B5: bin.2 | C5: 299 | D5: 299 | E5: 243 | F5: 183 | G5: 66 | H5: 20 | I5: 5769310 | J5: 5769310 | K5: 5581574 | L5: 5153459 | M5: 3271268 | N5: 1588086 | O5: 299 | P5: 182638 | Q5: 5769310 | R5: 90704758 | S5: 31051 | T5: 16781 | U5: 53 | V5: 118 | W5: 0 | X5: 0 | Y5: 0 | Z5: 0 | AA5: 0 | AB5: 0 | AC5: 0 | AD5: 0 + 0 part | AE5: 0 | AF5: 6.356 | AG5: 1.001 | AH5: 0 | AI5: 4.23 | AJ5: 0.31 | AK5: 182638 | AL5: 5769119 | AM5: 31051 | AN5: 16781 | AO5: 53 | AP5: 118
A6: 4 | B6: bin.3 | C6: 51 | D6: 51 | E6: 46 | F6: 40 | G6: 25 | H6: 18 | I6: 2719694 | J6: 2719694 | K6: 2704507 | L6: 2662852 | M6: 2403294 | N6: 2173594 | O6: 51 | P6: 244780 | Q6: 2719694 | R6: 90704758 | S6: 117934 | T6: 63046 | U6: 8 | V6: 16 | W6: 0 | X6: 0 | Y6: 0 | Z6: 0 | AA6: 0 | AB6: 0 | AC6: 0 | AD6: 50 + 1 part | AE6: 2719593 | AF6: 0.001 | AG6: 1 | AH6: 0 | AI6: 4526.17 | AJ6: 0 | AK6: 101 | AL6: 101 | AM6: - | AN6: - | AO6: - | AP6: -
A7: 5 | B7: bin.4 | C7: 49 | D7: 49 | E7: 23 | F7: 10 | G7: 2 | H7: 0 | I7: 373127 | J7: 373127 | K7: 303474 | L7: 213962 | M7: 90335 | N7: 0 | O7: 49 | P7: 45572 | Q7: 373127 | R7: 90704758 | S7: 11852 | T7: 6504 | U7: 8 | V7: 19 | W7: 1 | X7: 1 | Y7: 20388 | Z7: 2 | AA7: 0 | AB7: 0 | AC7: 2 | AD7: 7 + 9 part | AE7: 51676 | AF7: 0.364 | AG7: 1.002 | AH7: 0 | AI7: 685.2 | AJ7: 5.75 | AK7: 45572 | AL7: 320898 | AM7: 9500 | AN7: 4731 | AO7: 9 | AP7: 23
A8: 6 | B8: bin.5 | C8: 50 | D8: 50 | E8: 48 | F8: 47 | G8: 38 | H8: 31 | I8: 5282009 | J8: 5282009 | K8: 5276813 | L8: 5266885 | M8: 5116542 | N8: 4865155 | O8: 50 | P8: 706456 | Q8: 5282009 | R8: 90704758 | S8: 231043 | T8: 99941 | U8: 8 | V8: 18 | W8: 0 | X8: 0 | Y8: 0 | Z8: 0 | AA8: 0 | AB8: 0 | AC8: 17 | AD8: 11 + 39 part | AE8: 5249554 | AF8: 0.036 | AG8: 1.008 | AH8: 0 | AI8: 3558.77 | AJ8: 0 | AK8: 5854 | AL8: 32455 | AM8: - | AN8: - | AO8: - | AP8: -
A9: 7 | B9: bin.6 | C9: 19 | D9: 19 | E9: 8 | F9: 6 | G9: 3 | H9: 2 | I9: 358396 | J9: 358396 | K9: 328665 | L9: 315340 | M9: 263808 | N9: 225344 | O9: 19 | P9: 165460 | Q9: 358396 | R9: 90704758 | S9: 59884 | T9: 22919 | U9: 2 | V9: 4 | W9: 0 | X9: 0 | Y9: 0 | Z9: 2 | AA9: 0 | AB9: 0 | AC9: 0 | AD9: 2 + 0 part | AE9: 3461 | AF9: 0.399 | AG9: 1.001 | AH9: 0 | AI9: 100.03 | AJ9: 0.83 | AK9: 165460 | AL9: 354781 | AM9: 59884 | AN9: 22919 | AO9: 2 | AP9: 4
A10: 8 | B10: bin.7 | C10: 786 | D10: 786 | E10: 152 | F10: 21 | G10: 0 | H10: 0 | I10: 2924891 | J10: 2924891 | K10: 1161906 | L10: 284401 | M10: 0 | N10: 0 | O10: 786 | P10: 23902 | Q10: 2924891 | R10: 90704758 | S10: 4174 | T10: 2769 | U10: 218 | V10: 433 | W10: 0 | X10: 0 | Y10: 0 | Z10: 0 | AA10: 0 | AB10: 0 | AC10: 11 | AD10: 546 + 233 part | AE10: 2860891 | AF10: 0.077 | AG10: 1.007 | AH10: 0 | AI10: 3030.56 | AJ10: 37.04 | AK10: 7325 | AL10: 63996 | AM10: - | AN10: - | AO10: - | AP10: -
A11: 9 | B11: bin.8 | C11: 18 | D11: 18 | E11: 12 | F11: 10 | G11: 8 | H11: 4 | I11: 530074 | J11: 530074 | K11: 512282 | L11: 498153 | M11: 459351 | N11: 303194 | O11: 18 | P11: 92299 | Q11: 530074 | R11: 90704758 | S11: 56215 | T11: 36729 | U11: 4 | V11: 7 | W11: 0 | X11: 0 | Y11: 0 | Z11: 0 | AA11: 0 | AB11: 0 | AC11: 1 | AD11: 16 + 1 part | AE11: 491134 | AF11: 0.046 | AG11: 1 | AH11: 0 | AI11: 3070.66 | AJ11: 240.84 | AK11: 26624 | AL11: 38940 | AM11: - | AN11: - | AO11: - | AP11: -
A12: 10 | B12: bin.9 | C12: 38 | D12: 38 | E12: 15 | F12: 5 | G12: 0 | H12: 0 | I12: 218736 | J12: 218736 | K12: 132259 | L12: 63657 | M12: 0 | N12: 0 | O12: 38 | P12: 13995 | Q12: 218736 | R12: 90704758 | S12: 6136 | T12: 4120 | U12: 11 | V12: 22 | W12: 0 | X12: 0 | Y12: 0 | Z12: 1 | AA12: 0 | AB12: 0 | AC12: 3 | AD12: 23 + 14 part | AE12: 191896 | AF12: 0.03 | AG12: 1 | AH12: 0 | AI12: 2306.95 | AJ12: 18.63 | AK12: 7762 | AL12: 26836 | AM12: - | AN12: - | AO12: - | AP12: -
