Workbook

Sheet Combined info
A1: Genome/MAG | B1: Strain ID | C1: Lowest determined phylogenetic rank | D1: Closest related genome | E1: Cyanide use | F1: Relative abundance (% T0) | G1: Relative abundance (% T1) | H1: Relative abundance (% T2) | I1: Relative abundance (% T3) | J1: Completeness (%) | K1: Genome size (kb) | L1: N50 (kb) | M1: Predicted genes
A2: GCA_976997275 | B2: R-92789 | C2: species | D2: Aquipseudomonas chlororaphis_I | E2: inconclusive | F2: =_xlfn.XLOOKUP($A2,'Relative abundances MGX all'!$A$2:$A$100,'Relative abundances MGX all'!B$2:B$100) -> 0.11952662 | G2: =_xlfn.XLOOKUP($A2,'Relative abundances MGX all'!$A$2:$A$100,'Relative abundances MGX all'!C$2:C$100) -> 0.25576956 | H2: =_xlfn.XLOOKUP($A2,'Relative abundances MGX all'!$A$2:$A$100,'Relative abundances MGX all'!D$2:D$100) -> 0.25363804 | I2: =_xlfn.XLOOKUP($A2,'Relative abundances MGX all'!$A$2:$A$100,'Relative abundances MGX all'!E$2:E$100) -> 0.15115317 | J2: =_xlfn.XLOOKUP($A2,'CheckM genomes'!$A$2:$A$15,'CheckM genomes'!D$2:D$15) -> 100 | K2: =_xlfn.XLOOKUP($A2,'CheckM genomes'!$A$2:$A$15,'CheckM genomes'!G$2:G$15) -> 6999 | L2: =_xlfn.XLOOKUP($A2,'CheckM genomes'!$A$2:$A$15,'CheckM genomes'!I$2:I$15) -> 6999 | M2: =_xlfn.XLOOKUP($A2,'CheckM genomes'!$A$2:$A$15,'CheckM genomes'!K$2:K$15) -> 6211
A3: GCA_976997285 | B3: R-92788 | C3: species | D3: Variovorax boronicumulans | E3: inconclusive | F3: =_xlfn.XLOOKUP($A3,'Relative abundances MGX all'!$A$2:$A$100,'Relative abundances MGX all'!B$2:B$100) -> 0.0055118461 | G3: =_xlfn.XLOOKUP($A3,'Relative abundances MGX all'!$A$2:$A$100,'Relative abundances MGX all'!C$2:C$100) -> 0.0063832151 | H3: =_xlfn.XLOOKUP($A3,'Relative abundances MGX all'!$A$2:$A$100,'Relative abundances MGX all'!D$2:D$100) -> 0.003207634 | I3: =_xlfn.XLOOKUP($A3,'Relative abundances MGX all'!$A$2:$A$100,'Relative abundances MGX all'!E$2:E$100) -> 0.0031476168 | J3: =_xlfn.XLOOKUP($A3,'CheckM genomes'!$A$2:$A$15,'CheckM genomes'!D$2:D$15) -> 100 | K3: =_xlfn.XLOOKUP($A3,'CheckM genomes'!$A$2:$A$15,'CheckM genomes'!G$2:G$15) -> 6715 | L3: =_xlfn.XLOOKUP($A3,'CheckM genomes'!$A$2:$A$15,'CheckM genomes'!I$2:I$15) -> 6715 | M3: =_xlfn.XLOOKUP($A3,'CheckM genomes'!$A$2:$A$15,'CheckM genomes'!K$2:K$15) -> 6117
A4: GCA_976997325 | B4: R-92786 | C4: species | D4: Aquipseudomonas sp900187605 | E4: ++ | F4: =_xlfn.XLOOKUP($A4,'Relative abundances MGX all'!$A$2:$A$100,'Relative abundances MGX all'!B$2:B$100) -> 0.13599092 | G4: =_xlfn.XLOOKUP($A4,'Relative abundances MGX all'!$A$2:$A$100,'Relative abundances MGX all'!C$2:C$100) -> 0.32930029 | H4: =_xlfn.XLOOKUP($A4,'Relative abundances MGX all'!$A$2:$A$100,'Relative abundances MGX all'!D$2:D$100) -> 0.31617463 | I4: =_xlfn.XLOOKUP($A4,'Relative abundances MGX all'!$A$2:$A$100,'Relative abundances MGX all'!E$2:E$100) -> 0.17790689 | J4: =_xlfn.XLOOKUP($A4,'CheckM genomes'!$A$2:$A$15,'CheckM genomes'!D$2:D$15) -> 100 | K4: =_xlfn.XLOOKUP($A4,'CheckM genomes'!$A$2:$A$15,'CheckM genomes'!G$2:G$15) -> 6648 | L4: =_xlfn.XLOOKUP($A4,'CheckM genomes'!$A$2:$A$15,'CheckM genomes'!I$2:I$15) -> 6648 | M4: =_xlfn.XLOOKUP($A4,'CheckM genomes'!$A$2:$A$15,'CheckM genomes'!K$2:K$15) -> 5852
A5: GCA_976997375 | B5: R-92801 | C5: genus | D5: Aquipseudomonas | E5: ++ | F5: =_xlfn.XLOOKUP($A5,'Relative abundances MGX all'!$A$2:$A$100,'Relative abundances MGX all'!B$2:B$100) -> 0.42041229 | G5: =_xlfn.XLOOKUP($A5,'Relative abundances MGX all'!$A$2:$A$100,'Relative abundances MGX all'!C$2:C$100) -> 0.90224191 | H5: =_xlfn.XLOOKUP($A5,'Relative abundances MGX all'!$A$2:$A$100,'Relative abundances MGX all'!D$2:D$100) -> 0.87752217 | I5: =_xlfn.XLOOKUP($A5,'Relative abundances MGX all'!$A$2:$A$100,'Relative abundances MGX all'!E$2:E$100) -> 0.53657536 | J5: =_xlfn.XLOOKUP($A5,'CheckM genomes'!$A$2:$A$15,'CheckM genomes'!D$2:D$15) -> 100 | K5: =_xlfn.XLOOKUP($A5,'CheckM genomes'!$A$2:$A$15,'CheckM genomes'!G$2:G$15) -> 6927 | L5: =_xlfn.XLOOKUP($A5,'CheckM genomes'!$A$2:$A$15,'CheckM genomes'!I$2:I$15) -> 6927 | M5: =_xlfn.XLOOKUP($A5,'CheckM genomes'!$A$2:$A$15,'CheckM genomes'!K$2:K$15) -> 6229
A6: GCA_976997545 | B6: R-92787 | C6: species | D6: Stenotrophomonas maltophilia_AQ | E6: - | F6: =_xlfn.XLOOKUP($A6,'Relative abundances MGX all'!$A$2:$A$100,'Relative abundances MGX all'!B$2:B$100) -> 0.0016972858 | G6: =_xlfn.XLOOKUP($A6,'Relative abundances MGX all'!$A$2:$A$100,'Relative abundances MGX all'!C$2:C$100) -> 0.0030406646 | H6: =_xlfn.XLOOKUP($A6,'Relative abundances MGX all'!$A$2:$A$100,'Relative abundances MGX all'!D$2:D$100) -> 0.002136552 | I6: =_xlfn.XLOOKUP($A6,'Relative abundances MGX all'!$A$2:$A$100,'Relative abundances MGX all'!E$2:E$100) -> 0.0096956775 | J6: =_xlfn.XLOOKUP($A6,'CheckM genomes'!$A$2:$A$15,'CheckM genomes'!D$2:D$15) -> 100 | K6: =_xlfn.XLOOKUP($A6,'CheckM genomes'!$A$2:$A$15,'CheckM genomes'!G$2:G$15) -> 4481 | L6: =_xlfn.XLOOKUP($A6,'CheckM genomes'!$A$2:$A$15,'CheckM genomes'!I$2:I$15) -> 4481 | M6: =_xlfn.XLOOKUP($A6,'CheckM genomes'!$A$2:$A$15,'CheckM genomes'!K$2:K$15) -> 3968
A7: GCA_976997715 | B7: R-92790 | C7: species | D7: Aquipseudomonas gorinensis | E7: + | F7: =_xlfn.XLOOKUP($A7,'Relative abundances MGX all'!$A$2:$A$100,'Relative abundances MGX all'!B$2:B$100) -> 0.029358574 | G7: =_xlfn.XLOOKUP($A7,'Relative abundances MGX all'!$A$2:$A$100,'Relative abundances MGX all'!C$2:C$100) -> 0.057514088 | H7: =_xlfn.XLOOKUP($A7,'Relative abundances MGX all'!$A$2:$A$100,'Relative abundances MGX all'!D$2:D$100) -> 0.055793307 | I7: =_xlfn.XLOOKUP($A7,'Relative abundances MGX all'!$A$2:$A$100,'Relative abundances MGX all'!E$2:E$100) -> 0.03387434 | J7: =_xlfn.XLOOKUP($A7,'CheckM genomes'!$A$2:$A$15,'CheckM genomes'!D$2:D$15) -> 100 | K7: =_xlfn.XLOOKUP($A7,'CheckM genomes'!$A$2:$A$15,'CheckM genomes'!G$2:G$15) -> 8064 | L7: =_xlfn.XLOOKUP($A7,'CheckM genomes'!$A$2:$A$15,'CheckM genomes'!I$2:I$15) -> 7649 | M7: =_xlfn.XLOOKUP($A7,'CheckM genomes'!$A$2:$A$15,'CheckM genomes'!K$2:K$15) -> 7399
A8: bin.1 | C8: Unclassified Bacteria | F8: =_xlfn.XLOOKUP($A8,'Relative abundances MGX all'!$A$2:$A$100,'Relative abundances MGX all'!B$2:B$100) -> 0.028111147 | G8: =_xlfn.XLOOKUP($A8,'Relative abundances MGX all'!$A$2:$A$100,'Relative abundances MGX all'!C$2:C$100) -> 0.08158213 | H8: =_xlfn.XLOOKUP($A8,'Relative abundances MGX all'!$A$2:$A$100,'Relative abundances MGX all'!D$2:D$100) -> 0.088117087 | I8: =_xlfn.XLOOKUP($A8,'Relative abundances MGX all'!$A$2:$A$100,'Relative abundances MGX all'!E$2:E$100) -> 0.080359545 | J8: =_xlfn.XLOOKUP($A8,'CheckM MAGs'!$A$2:$A$15,'CheckM MAGs'!D$2:D$15) -> 1.8 | K8: =_xlfn.XLOOKUP($A8,'CheckM MAGs'!$A$2:$A$15,'CheckM MAGs'!G$2:G$15) -> 1082 | L8: =_xlfn.XLOOKUP($A8,'CheckM MAGs'!$A$2:$A$15,'CheckM MAGs'!I$2:I$15) -> 4 | M8: =_xlfn.XLOOKUP($A8,'CheckM MAGs'!$A$2:$A$15,'CheckM MAGs'!K$2:K$15) -> 1359
A9: bin.2 | C9: genus | D9: Shinella | F9: =_xlfn.XLOOKUP($A9,'Relative abundances MGX all'!$A$2:$A$100,'Relative abundances MGX all'!B$2:B$100) -> 0.15758472 | G9: =_xlfn.XLOOKUP($A9,'Relative abundances MGX all'!$A$2:$A$100,'Relative abundances MGX all'!C$2:C$100) -> 0.41206375 | H9: =_xlfn.XLOOKUP($A9,'Relative abundances MGX all'!$A$2:$A$100,'Relative abundances MGX all'!D$2:D$100) -> 0.10564621 | I9: =_xlfn.XLOOKUP($A9,'Relative abundances MGX all'!$A$2:$A$100,'Relative abundances MGX all'!E$2:E$100) -> 0.10794196 | J9: =_xlfn.XLOOKUP($A9,'CheckM MAGs'!$A$2:$A$15,'CheckM MAGs'!D$2:D$15) -> 99.7 | K9: =_xlfn.XLOOKUP($A9,'CheckM MAGs'!$A$2:$A$15,'CheckM MAGs'!G$2:G$15) -> 6542 | L9: =_xlfn.XLOOKUP($A9,'CheckM MAGs'!$A$2:$A$15,'CheckM MAGs'!I$2:I$15) -> 162 | M9: =_xlfn.XLOOKUP($A9,'CheckM MAGs'!$A$2:$A$15,'CheckM MAGs'!K$2:K$15) -> 6334
A10: bin.3 | C10: species | D10: Cupriavidus basilensis_B | F10: =_xlfn.XLOOKUP($A10,'Relative abundances MGX all'!$A$2:$A$100,'Relative abundances MGX all'!B$2:B$100) -> 2.061486 | G10: =_xlfn.XLOOKUP($A10,'Relative abundances MGX all'!$A$2:$A$100,'Relative abundances MGX all'!C$2:C$100) -> 4.0820577 | H10: =_xlfn.XLOOKUP($A10,'Relative abundances MGX all'!$A$2:$A$100,'Relative abundances MGX all'!D$2:D$100) -> 1.7185758 | I10: =_xlfn.XLOOKUP($A10,'Relative abundances MGX all'!$A$2:$A$100,'Relative abundances MGX all'!E$2:E$100) -> 0.24942774 | J10: =_xlfn.XLOOKUP($A10,'CheckM MAGs'!$A$2:$A$15,'CheckM MAGs'!D$2:D$15) -> 99.9 | K10: =_xlfn.XLOOKUP($A10,'CheckM MAGs'!$A$2:$A$15,'CheckM MAGs'!G$2:G$15) -> 7304 | L10: =_xlfn.XLOOKUP($A10,'CheckM MAGs'!$A$2:$A$15,'CheckM MAGs'!I$2:I$15) -> 206 | M10: =_xlfn.XLOOKUP($A10,'CheckM MAGs'!$A$2:$A$15,'CheckM MAGs'!K$2:K$15) -> 6399
A11: bin.4 | C11: Unclassified Bacteria | F11: =_xlfn.XLOOKUP($A11,'Relative abundances MGX all'!$A$2:$A$100,'Relative abundances MGX all'!B$2:B$100) -> 0.045257041 | G11: =_xlfn.XLOOKUP($A11,'Relative abundances MGX all'!$A$2:$A$100,'Relative abundances MGX all'!C$2:C$100) -> 0.08111835 | H11: =_xlfn.XLOOKUP($A11,'Relative abundances MGX all'!$A$2:$A$100,'Relative abundances MGX all'!D$2:D$100) -> 0.019120029 | I11: =_xlfn.XLOOKUP($A11,'Relative abundances MGX all'!$A$2:$A$100,'Relative abundances MGX all'!E$2:E$100) -> 0.099102758 | J11: =_xlfn.XLOOKUP($A11,'CheckM MAGs'!$A$2:$A$15,'CheckM MAGs'!D$2:D$15) -> 4.1 | K11: =_xlfn.XLOOKUP($A11,'CheckM MAGs'!$A$2:$A$15,'CheckM MAGs'!G$2:G$15) -> 422 | L11: =_xlfn.XLOOKUP($A11,'CheckM MAGs'!$A$2:$A$15,'CheckM MAGs'!I$2:I$15) -> 2 | M11: =_xlfn.XLOOKUP($A11,'CheckM MAGs'!$A$2:$A$15,'CheckM MAGs'!K$2:K$15) -> 539
A12: bin.5 | C12: species | D12: Aquipseudomonas migulae_A | F12: =_xlfn.XLOOKUP($A12,'Relative abundances MGX all'!$A$2:$A$100,'Relative abundances MGX all'!B$2:B$100) -> 41.895214 | G12: =_xlfn.XLOOKUP($A12,'Relative abundances MGX all'!$A$2:$A$100,'Relative abundances MGX all'!C$2:C$100) -> 34.715109 | H12: =_xlfn.XLOOKUP($A12,'Relative abundances MGX all'!$A$2:$A$100,'Relative abundances MGX all'!D$2:D$100) -> 35.651851 | I12: =_xlfn.XLOOKUP($A12,'Relative abundances MGX all'!$A$2:$A$100,'Relative abundances MGX all'!E$2:E$100) -> 44.128403 | J12: =_xlfn.XLOOKUP($A12,'CheckM MAGs'!$A$2:$A$15,'CheckM MAGs'!D$2:D$15) -> 4.2 | K12: =_xlfn.XLOOKUP($A12,'CheckM MAGs'!$A$2:$A$15,'CheckM MAGs'!G$2:G$15) -> 2106 | L12: =_xlfn.XLOOKUP($A12,'CheckM MAGs'!$A$2:$A$15,'CheckM MAGs'!I$2:I$15) -> 105 | M12: =_xlfn.XLOOKUP($A12,'CheckM MAGs'!$A$2:$A$15,'CheckM MAGs'!K$2:K$15) -> 1911
A13: bin.6 | C13: species | D13: Aquipseudomonas migulae_A | F13: =_xlfn.XLOOKUP($A13,'Relative abundances MGX all'!$A$2:$A$100,'Relative abundances MGX all'!B$2:B$100) -> 48.172456 | G13: =_xlfn.XLOOKUP($A13,'Relative abundances MGX all'!$A$2:$A$100,'Relative abundances MGX all'!C$2:C$100) -> 41.101704 | H13: =_xlfn.XLOOKUP($A13,'Relative abundances MGX all'!$A$2:$A$100,'Relative abundances MGX all'!D$2:D$100) -> 44.275617 | I13: =_xlfn.XLOOKUP($A13,'Relative abundances MGX all'!$A$2:$A$100,'Relative abundances MGX all'!E$2:E$100) -> 44.396032 | J13: =_xlfn.XLOOKUP($A13,'CheckM MAGs'!$A$2:$A$15,'CheckM MAGs'!D$2:D$15) -> 88.5 | K13: =_xlfn.XLOOKUP($A13,'CheckM MAGs'!$A$2:$A$15,'CheckM MAGs'!G$2:G$15) -> 4407 | L13: =_xlfn.XLOOKUP($A13,'CheckM MAGs'!$A$2:$A$15,'CheckM MAGs'!I$2:I$15) -> 116 | M13: =_xlfn.XLOOKUP($A13,'CheckM MAGs'!$A$2:$A$15,'CheckM MAGs'!K$2:K$15) -> 4034
A14: bin.7 | C14: species | D14: Aquipseudomonas sp900187565 | F14: =_xlfn.XLOOKUP($A14,'Relative abundances MGX all'!$A$2:$A$100,'Relative abundances MGX all'!B$2:B$100) -> 6.8806151 | G14: =_xlfn.XLOOKUP($A14,'Relative abundances MGX all'!$A$2:$A$100,'Relative abundances MGX all'!C$2:C$100) -> 17.887123 | H14: =_xlfn.XLOOKUP($A14,'Relative abundances MGX all'!$A$2:$A$100,'Relative abundances MGX all'!D$2:D$100) -> 16.6115 | I14: =_xlfn.XLOOKUP($A14,'Relative abundances MGX all'!$A$2:$A$100,'Relative abundances MGX all'!E$2:E$100) -> 9.7064928 | J14: =_xlfn.XLOOKUP($A14,'CheckM MAGs'!$A$2:$A$15,'CheckM MAGs'!D$2:D$15) -> 12.5 | K14: =_xlfn.XLOOKUP($A14,'CheckM MAGs'!$A$2:$A$15,'CheckM MAGs'!G$2:G$15) -> 5221 | L14: =_xlfn.XLOOKUP($A14,'CheckM MAGs'!$A$2:$A$15,'CheckM MAGs'!I$2:I$15) -> 27 | M14: =_xlfn.XLOOKUP($A14,'CheckM MAGs'!$A$2:$A$15,'CheckM MAGs'!K$2:K$15) -> 4844
A15: bin.8 | C15: genus | D15: Achromobacter | F15: =_xlfn.XLOOKUP($A15,'Relative abundances MGX all'!$A$2:$A$100,'Relative abundances MGX all'!B$2:B$100) -> 0.046778192 | G15: =_xlfn.XLOOKUP($A15,'Relative abundances MGX all'!$A$2:$A$100,'Relative abundances MGX all'!C$2:C$100) -> 0.084991059 | H15: =_xlfn.XLOOKUP($A15,'Relative abundances MGX all'!$A$2:$A$100,'Relative abundances MGX all'!D$2:D$100) -> 0.021101055 | I15: =_xlfn.XLOOKUP($A15,'Relative abundances MGX all'!$A$2:$A$100,'Relative abundances MGX all'!E$2:E$100) -> 0.31988724 | J15: =_xlfn.XLOOKUP($A15,'CheckM MAGs'!$A$2:$A$15,'CheckM MAGs'!D$2:D$15) -> 95.7 | K15: =_xlfn.XLOOKUP($A15,'CheckM MAGs'!$A$2:$A$15,'CheckM MAGs'!G$2:G$15) -> 6705 | L15: =_xlfn.XLOOKUP($A15,'CheckM MAGs'!$A$2:$A$15,'CheckM MAGs'!I$2:I$15) -> 87 | M15: =_xlfn.XLOOKUP($A15,'CheckM MAGs'!$A$2:$A$15,'CheckM MAGs'!K$2:K$15) -> 6125

Sheet CheckM MAGs
A1: Bin | B1: Taxonomy | C1: Markers | D1: Completeness | E1: Contamination | F1: GC (%) | G1: Genome size (kb) | H1: Contigs | I1: N50 (kb) | J1: Mean contig length (kb) | K1: Predicted genes
A2: bin.3 | B2: f__Burkholderiaceae | C2: 596 | D2: 99.9 | E2: 1.2 | F2: 69.4 | G2: 7304 | H2: 55 | I2: 206 | J2: 133 | K2: 6399
A3: bin.2 | B3: o__Rhizobiales | C3: 430 | D3: 99.7 | E3: 1.3 | F3: 62.9 | G3: 6542 | H3: 122 | I3: 162 | J3: 54 | K3: 6334
A4: bin.8 | B4: o__Burkholderiales | C4: 427 | D4: 95.7 | E4: 0.6 | F4: 66 | G4: 6705 | H4: 130 | I4: 87 | J4: 52 | K4: 6125
A5: bin.6 | B5: o__Pseudomonadales | C5: 813 | D5: 88.5 | E5: 0.8 | F5: 59.4 | G5: 4407 | H5: 93 | I5: 116 | J5: 47 | K5: 4034
A6: bin.7 | B6: root | C6: 56 | D6: 12.5 | E6: 0 | F6: 59.9 | G6: 5221 | H6: 366 | I6: 27 | J6: 14 | K6: 4844
A7: bin.5 | B7: root | C7: 56 | D7: 4.2 | E7: 0 | F7: 59.4 | G7: 2106 | H7: 34 | I7: 105 | J7: 62 | K7: 1911
A8: bin.4 | B8: k__Bacteria | C8: 103 | D8: 4.1 | E8: 0 | F8: 67.4 | G8: 422 | H8: 193 | I8: 2 | J8: 2 | K8: 539
A9: bin.1 | B9: k__Bacteria | C9: 103 | D9: 1.8 | E9: 0 | F9: 57.7 | G9: 1082 | H9: 319 | I9: 4 | J9: 3 | K9: 1359

Sheet Phylogeny MAGs
A1: MAG | B1: Rank | C1: Name
A2: bin.1 | B2: Unclassified Bacteria
A3: bin.2 | B3: genus | C3: Shinella
A4: bin.3 | B4: species | C4: Cupriavidus basilensis_B
A5: bin.4 | B5: Unclassified Bacteria
A6: bin.5 | B6: species | C6: Aquipseudomonas migulae_A
A7: bin.6 | B7: species | C7: Aquipseudomonas migulae_A
A8: bin.7 | B8: species | C8: Aquipseudomonas sp900187565
A9: bin.8 | B9: genus | C9: Achromobacter

Sheet CheckM genomes
A1: Bin | B1: Taxonomy | C1: Markers | D1: Completeness | E1: Contamination | F1: GC (%) | G1: Genome size (kb) | H1: Contigs | I1: N50 (kb) | J1: Mean contig length (kb) | K1: Predicted genes
A2: GCA_976997545 | B2: f__Xanthomonadaceae | C2: 659 | D2: 100 | E2: 0 | F2: 66.2 | G2: 4481 | H2: 1 | I2: 4481 | J2: 4481 | K2: 3968
A3: GCA_976997285 | B3: o__Burkholderiales | C3: 427 | D3: 100 | E3: 0.7 | F3: 68.4 | G3: 6715 | H3: 1 | I3: 6715 | J3: 6715 | K3: 6117
A4: GCA_976997275 | B4: o__Pseudomonadales | C4: 813 | D4: 100 | E4: 0.3 | F4: 62.9 | G4: 6999 | H4: 1 | I4: 6999 | J4: 6999 | K4: 6211
A5: GCA_976997715 | B5: o__Pseudomonadales | C5: 813 | D5: 100 | E5: 1.2 | F5: 60.2 | G5: 8064 | H5: 7 | I5: 7649 | J5: 1152 | K5: 7399
A6: GCA_976997325 | B6: o__Pseudomonadales | C6: 813 | D6: 100 | E6: 0.8 | F6: 59.1 | G6: 6648 | H6: 1 | I6: 6648 | J6: 6648 | K6: 5852
A7: GCA_976997375 | B7: o__Pseudomonadales | C7: 813 | D7: 100 | E7: 1.1 | F7: 58.9 | G7: 6927 | H7: 1 | I7: 6927 | J7: 6927 | K7: 6229

Sheet Phylogeny genomes
A1: Genome | B1: Rank | C1: Name
A2: GCA_976997275 | B2: species | C2: Aquipseudomonas chlororaphis_I
A3: GCA_976997285 | B3: species | C3: Variovorax boronicumulans
A4: GCA_976997325 | B4: species | C4: Aquipseudomonas sp900187605
A5: GCA_976997375 | B5: genus | C5: Aquipseudomonas
A6: GCA_976997545 | B6: species | C6: Stenotrophomonas maltophilia_AQ
A7: GCA_976997715 | B7: species | C7: Aquipseudomonas gorinensis

Sheet Mapping
A1: Status | B1: mean (%) | C1: std (%)
A2: Assigned | B2: 65.125064 | C2: 2.2849174
A3: Unassigned_Unmapped | B3: 16.372052 | C3: 1.0329558
A4: Unassigned_Singleton | B4: 8.1745538 | C4: 0.61313448
A5: Unassigned_NoFeatures | B5: 1.7672201 | C5: 0.089534169
A6: Unassigned_Ambiguity | B6: 8.5611092 | C6: 0.87921044

Sheet Relative abundances MGX
A1: Genome | B1: T0_9_1_relative | C1: CN_T1_9_1_relative | D1: CN_T2_9_1_relative | E1: CN_T3_9_1_relative
A2: GCA_976997545 | B2: 0.005245605 | C2: 0.0079752396 | D2: 0.0063259478 | E2: 0.020290723
A3: GCA_976997285 | B3: 0.021140063 | C3: 0.023944222 | D3: 0.018633732 | E3: 0.01900291
A4: bin.8 | B4: 0.087820719 | C4: 0.15918214 | D4: 0.047673689 | E4: 0.59888767
A5: bin.2 | B5: 0.27126291 | C5: 0.717101 | D5: 0.18390238 | E5: 0.19987313
A6: GCA_976997715 | B6: 0.85506642 | C6: 0.90460391 | D6: 0.90295502 | E6: 0.99739566
A7: GCA_976997275 | B7: 1.3604161 | C7: 2.0525647 | D7: 2.066402 | E7: 1.6896112
A8: GCA_976997325 | B8: 2.0786976 | C8: 2.9486472 | D8: 2.9176387 | E8: 2.556301
A9: bin.3 | B9: 3.5470546 | C9: 7.1020539 | D9: 2.9818313 | E9: 0.46897674
A10: GCA_976997375 | B10: 7.2262085 | C10: 9.5971157 | D10: 9.4559677 | E10: 8.867458
A11: bin.6 | B11: 84.547087 | C11: 76.486812 | D11: 81.41867 | E11: 84.582203

Sheet Relative abundances MGX all
A1: Genome | B1: T0_9_1_relative | C1: CN_T1_9_1_relative | D1: CN_T2_9_1_relative | E1: CN_T3_9_1_relative
A2: GCA_976997715 | B2: 0.029358574 | C2: 0.057514088 | D2: 0.055793307 | E2: 0.03387434
A3: GCA_976997545 | B3: 0.0016972858 | C3: 0.0030406646 | D3: 0.002136552 | E3: 0.0096956775
A4: GCA_976997375 | B4: 0.42041229 | C4: 0.90224191 | D4: 0.87752217 | E4: 0.53657536
A5: GCA_976997325 | B5: 0.13599092 | C5: 0.32930029 | D5: 0.31617463 | E5: 0.17790689
A6: GCA_976997285 | B6: 0.0055118461 | C6: 0.0063832151 | D6: 0.003207634 | E6: 0.0031476168
A7: GCA_976997275 | B7: 0.11952662 | C7: 0.25576956 | D7: 0.25363804 | E7: 0.15115317
A8: bin.8 | B8: 0.046778192 | C8: 0.084991059 | D8: 0.021101055 | E8: 0.31988724
A9: bin.7 | B9: 6.8806151 | C9: 17.887123 | D9: 16.6115 | E9: 9.7064928
A10: bin.6 | B10: 48.172456 | C10: 41.101704 | D10: 44.275617 | E10: 44.396032
A11: bin.5 | B11: 41.895214 | C11: 34.715109 | D11: 35.651851 | E11: 44.128403
A12: bin.4 | B12: 0.045257041 | C12: 0.08111835 | D12: 0.019120029 | E12: 0.099102758
A13: bin.3 | B13: 2.061486 | C13: 4.0820577 | D13: 1.7185758 | E13: 0.24942774
... A15: bin.1 | B15: 0.028111147 | C15: 0.08158213 | D15: 0.088117087 | E15: 0.080359545

Sheet Quast MEGAHIT
B1: Assembly | C1: # contigs (>= 0 bp) | D1: # contigs (>= 1000 bp) | E1: # contigs (>= 5000 bp) | F1: # contigs (>= 10000 bp) | G1: # contigs (>= 25000 bp) | H1: # contigs (>= 50000 bp) | I1: Total length (>= 0 bp) | J1: Total length (>= 1000 bp) | K1: Total length (>= 5000 bp) | L1: Total length (>= 10000 bp) | M1: Total length (>= 25000 bp) | N1: Total length (>= 50000 bp) | O1: # contigs | P1: Largest contig | Q1: Total length | R1: Reference length | S1: N50 | T1: N75 | U1: L50 | V1: L75 | W1: # misassemblies | X1: # misassembled contigs | Y1: Misassembled contigs length | Z1: # local misassemblies | AA1: # scaffold gap ext. mis. | AB1: # scaffold gap loc. mis. | AC1: # unaligned mis. contigs | AD1: # unaligned contigs | AE1: Unaligned length | AF1: Genome fraction (%) | AG1: Duplication ratio | AH1: # N's per 100 kbp | AI1: # mismatches per 100 kbp | AJ1: # indels per 100 kbp | AK1: Largest alignment | AL1: Total aligned length
A2: 0 | B2: bin.1 | C2: 162 | D2: 162 | E2: 32 | F2: 17 | G2: 1 | H2: 1 | I2: 725182 | J2: 725182 | K2: 416222 | L2: 300816 | M2: 59662 | N2: 59662 | O2: 162 | P2: 59662 | Q2: 725182 | R2: 39833081 | S2: 8225 | T2: 2561 | U2: 24 | V2: 68 | W2: 0 | X2: 0 | Y2: 0 | Z2: 0 | AA2: 0 | AB2: 0 | AC2: 2 | AD2: 136 + 19 part | AE2: 681355 | AF2: 0.115 | AG2: 1.005 | AH2: 0 | AI2: 2040.91 | AJ2: 26.28 | AK2: 10869 | AL2: 43633
A3: 1 | B3: bin.2 | C3: 172 | D3: 172 | E3: 157 | F3: 132 | G3: 88 | H3: 47 | I3: 6785359 | J3: 6785359 | K3: 6739231 | L3: 6548022 | M3: 5813943 | N3: 4279123 | O3: 172 | P3: 222402 | Q3: 6785359 | R3: 39833081 | S3: 65129 | T3: 37727 | U3: 32 | V3: 66 | W3: 0 | X3: 0 | Y3: 0 | Z3: 0 | AA3: 0 | AB3: 0 | AC3: 3 | AD3: 149 + 23 part | AE3: 6782789 | AF3: 0.006 | AG3: 1.026 | AH3: 0 | AI3: 3674.12 | AJ3: 0 | AK3: 197 | AL3: 2570
A4: 2 | B4: bin.3 | C4: 85 | D4: 85 | E4: 74 | F4: 68 | G4: 60 | H4: 46 | I4: 6994699 | J4: 6994699 | K4: 6962630 | L4: 6920873 | M4: 6791013 | N4: 6283340 | O4: 85 | P4: 499327 | Q4: 6994699 | R4: 39833081 | S4: 131378 | T4: 86423 | U4: 16 | V4: 31 | W4: 0 | X4: 0 | Y4: 0 | Z4: 0 | AA4: 0 | AB4: 0 | AC4: 3 | AD4: 44 + 41 part | AE4: 6990087 | AF4: 0.011 | AG4: 1.017 | AH4: 0 | AI4: 3970.88 | AJ4: 0 | AK4: 246 | AL4: 4612
A5: 3 | B5: bin.4 | C5: 128 | D5: 128 | E5: 101 | F5: 90 | G5: 59 | H5: 37 | I5: 6404000 | J5: 6404000 | K5: 6320417 | L5: 6238866 | M5: 5704282 | N5: 4938847 | O5: 128 | P5: 395873 | Q5: 6404000 | R5: 39833081 | S5: 116987 | T5: 57935 | U5: 17 | V5: 35 | W5: 0 | X5: 0 | Y5: 0 | Z5: 0 | AA5: 0 | AB5: 0 | AC5: 1 | AD5: 121 + 7 part | AE5: 6403209 | AF5: 0.016 | AG5: 1.026 | AH5: 0 | AI5: 4023.26 | AJ5: 0 | AK5: 119 | AL5: 791
A6: 4 | B6: bin.5 | C6: 206 | D6: 206 | E6: 156 | F6: 123 | G6: 79 | H6: 37 | I6: 6006529 | J6: 6006529 | K6: 5854851 | L6: 5599866 | M6: 4892550 | N6: 3451445 | O6: 206 | P6: 256828 | Q6: 6006529 | R6: 39833081 | S6: 62200 | T6: 29741 | U6: 30 | V6: 65 | W6: 0 | X6: 0 | Y6: 0 | Z6: 1 | AA6: 0 | AB6: 0 | AC6: 117 | AD6: 24 + 178 part | AE6: 5866137 | AF6: 0.373 | AG6: 1.018 | AH6: 0 | AI6: 4318.49 | AJ6: 43.76 | AK6: 3621 | AL6: 139984
A7: 5 | B7: bin.6 | C7: 102 | D7: 102 | E7: 83 | F7: 61 | G7: 32 | H7: 12 | I7: 2276554 | J7: 2276554 | K7: 2212206 | L7: 2051331 | M7: 1612226 | N7: 876893 | O7: 102 | P7: 111612 | Q7: 2276554 | R7: 39833081 | S7: 39829 | T7: 18392 | U7: 18 | V7: 37 | W7: 1 | X7: 1 | Y7: 8025 | Z7: 1 | AA7: 0 | AB7: 0 | AC7: 63 | AD7: 6 + 89 part | AE7: 2148165 | AF7: 0.339 | AG7: 1.014 | AH7: 0 | AI7: 4506.21 | AJ7: 56.23 | AK7: 7574 | AL7: 128325
A8: 6 | B8: bin.7 | C8: 5 | D8: 5 | E8: 5 | F8: 5 | G8: 4 | H8: 1 | I8: 210816 | J8: 210816 | K8: 210816 | L8: 210816 | M8: 193387 | N8: 88767 | O8: 5 | P8: 88767 | Q8: 210816 | R8: 39833081 | S8: 41450 | T8: 32966 | U8: 2 | V8: 3 | W8: 0 | X8: 0 | Y8: 0 | Z8: 0 | AA8: 0 | AB8: 0 | AC8: 0 | AD8: 0 + 5 part | AE8: 208714 | AF8: 0.005 | AG8: 1 | AH8: 0 | AI8: 4471.93 | AJ8: 0 | AK8: 764 | AL8: 2102
A9: 7 | B9: bin.8 | C9: 133 | D9: 133 | E9: 108 | F9: 85 | G9: 53 | H9: 27 | I9: 4065716 | J9: 4065716 | K9: 3984726 | L9: 3808851 | M9: 3257966 | N9: 2351780 | O9: 133 | P9: 247004 | Q9: 4065716 | R9: 39833081 | S9: 55091 | T9: 28908 | U9: 22 | V9: 46 | W9: 1 | X9: 1 | Y9: 3092 | Z9: 3 | AA9: 0 | AB9: 0 | AC9: 64 | AD9: 10 + 119 part | AE9: 3930133 | AF9: 0.361 | AG9: 1.03 | AH9: 0 | AI9: 4752.47 | AJ9: 49.35 | AK9: 6423 | AL9: 134964

Sheet Quast metaSPAdes
B1: Assembly | C1: # contigs (>= 0 bp) | D1: # contigs (>= 1000 bp) | E1: # contigs (>= 5000 bp) | F1: # contigs (>= 10000 bp) | G1: # contigs (>= 25000 bp) | H1: # contigs (>= 50000 bp) | I1: Total length (>= 0 bp) | J1: Total length (>= 1000 bp) | K1: Total length (>= 5000 bp) | L1: Total length (>= 10000 bp) | M1: Total length (>= 25000 bp) | N1: Total length (>= 50000 bp) | O1: # contigs | P1: Largest contig | Q1: Total length | R1: Reference length | S1: N50 | T1: N75 | U1: L50 | V1: L75 | W1: # misassemblies | X1: # misassembled contigs | Y1: Misassembled contigs length | Z1: # local misassemblies | AA1: # scaffold gap ext. mis. | AB1: # scaffold gap loc. mis. | AC1: # unaligned mis. contigs | AD1: # unaligned contigs | AE1: Unaligned length | AF1: Genome fraction (%) | AG1: Duplication ratio | AH1: # N's per 100 kbp | AI1: # mismatches per 100 kbp | AJ1: # indels per 100 kbp | AK1: Largest alignment | AL1: Total aligned length
A2: 0 | B2: bin.1 | C2: 319 | D2: 319 | E2: 38 | F2: 17 | G2: 2 | H2: 0 | I2: 1082467 | J2: 1082467 | K2: 440750 | L2: 289650 | M2: 73081 | N2: 0 | O2: 319 | P2: 46527 | Q2: 1082467 | R2: 39833081 | S2: 3516 | T2: 2114 | U2: 62 | V2: 167 | W2: 0 | X2: 0 | Y2: 0 | Z2: 0 | AA2: 0 | AB2: 0 | AC2: 3 | AD2: 286 + 21 part | AE2: 1030108 | AF2: 0.133 | AG2: 0.999 | AH2: 0 | AI2: 1877.01 | AJ2: 13.19 | AK2: 10953 | AL2: 52521
A3: 1 | B3: bin.2 | C3: 122 | D3: 122 | E3: 91 | F3: 76 | G3: 52 | H3: 36 | I3: 6541670 | J3: 6541670 | K3: 6456444 | L3: 6344542 | M3: 5923053 | N3: 5352879 | O3: 122 | P3: 447068 | Q3: 6541670 | R3: 39833081 | S3: 161889 | T3: 59374 | U3: 12 | V3: 29 | W3: 0 | X3: 0 | Y3: 0 | Z3: 0 | AA3: 0 | AB3: 0 | AC3: 1 | AD3: 118 + 4 part | AE3: 6541272 | AF3: 0.002 | AG3: 1 | AH3: 0 | AI3: 3627.57 | AJ3: 0 | AK3: 101 | AL3: 398
A4: 2 | B4: bin.3 | C4: 55 | D4: 55 | E4: 53 | F4: 49 | G4: 44 | H4: 39 | I4: 7303966 | J4: 7303966 | K4: 7299374 | L4: 7275206 | M4: 7201559 | N4: 7029825 | O4: 55 | P4: 596942 | Q4: 7303966 | R4: 39833081 | S4: 206469 | T4: 122723 | U4: 10 | V4: 22 | W4: 0 | X4: 0 | Y4: 0 | Z4: 0 | AA4: 0 | AB4: 0 | AC4: 6 | AD4: 21 + 34 part | AE4: 7292850 | AF4: 0.028 | AG4: 1 | AH4: 0 | AI4: 2797.77 | AJ4: 0 | AK4: 2677 | AL4: 11116
A5: 3 | B5: bin.4 | C5: 193 | D5: 193 | E5: 3 | F5: 1 | G5: 1 | H5: 0 | I5: 422435 | J5: 422435 | K5: 54414 | L5: 42587 | M5: 42587 | N5: 0 | O5: 193 | P5: 42587 | Q5: 422435 | R5: 39833081 | S5: 1938 | T5: 1695 | U5: 69 | V5: 127 | W5: 0 | X5: 0 | Y5: 0 | Z5: 0 | AA5: 0 | AB5: 0 | AC5: 0 | AD5: 190 + 1 part | AE5: 419122 | AF5: 0.008 | AG5: 1.014 | AH5: 0 | AI5: 214.2 | AJ5: 0 | AK5: 1674 | AL5: 3268
A6: 4 | B6: bin.5 | C6: 34 | D6: 34 | E6: 31 | F6: 28 | G6: 23 | H6: 17 | I6: 2105749 | J6: 2105749 | K6: 2093820 | L6: 2074869 | M6: 1992719 | N6: 1777845 | O6: 34 | P6: 208294 | Q6: 2105749 | R6: 39833081 | S6: 104890 | T6: 62312 | U6: 8 | V6: 14 | W6: 0 | X6: 0 | Y6: 0 | Z6: 0 | AA6: 0 | AB6: 0 | AC6: 8 | AD6: 9 + 25 part | AE6: 2073506 | AF6: 0.107 | AG6: 1.019 | AH6: 0 | AI6: 6096.05 | AJ6: 30.41 | AK6: 4208 | AL6: 32243
A7: 5 | B7: bin.6 | C7: 93 | D7: 93 | E7: 71 | F7: 55 | G7: 46 | H7: 27 | I7: 4407193 | J7: 4407193 | K7: 4339873 | L7: 4230615 | M7: 4067541 | N7: 3345696 | O7: 93 | P7: 331551 | Q7: 4407193 | R7: 39833081 | S7: 116395 | T7: 54497 | U7: 13 | V7: 27 | W7: 2 | X7: 2 | Y7: 81816 | Z7: 1 | AA7: 0 | AB7: 0 | AC7: 51 | AD7: 12 + 80 part | AE7: 4151855 | AF7: 0.903 | AG7: 1.017 | AH7: 0 | AI7: 5630.19 | AJ7: 52.56 | AK7: 37796 | AL7: 255338
A8: 6 | B8: bin.7 | C8: 366 | D8: 366 | E8: 226 | F8: 147 | G8: 59 | H8: 16 | I8: 5220789 | J8: 5220789 | K8: 4805330 | L8: 4226768 | M8: 2796118 | N8: 1347629 | O8: 366 | P8: 127677 | Q8: 5220789 | R8: 39833081 | S8: 26624 | T8: 13165 | U8: 52 | V8: 121 | W8: 0 | X8: 0 | Y8: 0 | Z8: 0 | AA8: 0 | AB8: 0 | AC8: 41 | AD8: 167 + 198 part | AE8: 5148403 | AF8: 0.189 | AG8: 1.001 | AH8: 0 | AI8: 4091.02 | AJ8: 25.27 | AK8: 2542 | AL8: 72472
A9: 7 | B9: bin.8 | C9: 130 | D9: 130 | E9: 125 | F9: 111 | G9: 79 | H9: 46 | I9: 6705271 | J9: 6705271 | K9: 6688808 | L9: 6581810 | M9: 6043467 | N9: 4858172 | O9: 130 | P9: 271761 | Q9: 6705271 | R9: 39833081 | S9: 87317 | T9: 46978 | U9: 23 | V9: 50 | W9: 0 | X9: 0 | Y9: 0 | Z9: 0 | AA9: 0 | AB9: 0 | AC9: 2 | AD9: 108 + 22 part | AE9: 6702884 | AF9: 0.006 | AG9: 1 | AH9: 0 | AI9: 3519.06 | AJ9: 0 | AK9: 197 | AL9: 2387
