Workbook

Sheet Combined info
A1: Genome/MAG | B1: Strain ID | C1: Lowest determined phylogenetic rank | D1: Closest related genome | E1: Cyanide use | F1: Relative abundance (% T0) | G1: Relative abundance (% T1) | H1: Relative abundance (% T2) | I1: Relative abundance (% T3) | J1: Completeness (%) | K1: Genome size (kb) | L1: N50 (kb) | M1: Predicted genes
A2: GCA_976996005 | B2: R-91484 | C2: species | D2: Achromobacter pestifer | E2: - | F2: =_xlfn.XLOOKUP($A2,'Relative abundances MGX'!$A$2:$A$100,'Relative abundances MGX'!B$2:B$100) -> 1.3293432 | G2: =_xlfn.XLOOKUP($A2,'Relative abundances MGX'!$A$2:$A$100,'Relative abundances MGX'!C$2:C$100) -> 2.1734126 | H2: =_xlfn.XLOOKUP($A2,'Relative abundances MGX'!$A$2:$A$100,'Relative abundances MGX'!D$2:D$100) -> 1.1188993 | I2: =_xlfn.XLOOKUP($A2,'Relative abundances MGX'!$A$2:$A$100,'Relative abundances MGX'!E$2:E$100) -> 1.6420306 | J2: {=_xlfn.XLOOKUP($A2,'CheckM genomes'!$A$2:$A50,'CheckM genomes'!D$2:D50)} -> 99.5 | K2: =_xlfn.XLOOKUP($A2,'CheckM genomes'!$A$2:$A$15,'CheckM genomes'!G$2:G$15) -> 7083 | L2: =_xlfn.XLOOKUP($A2,'CheckM genomes'!$A$2:$A$15,'CheckM genomes'!I$2:I$15) -> 7063 | M2: =_xlfn.XLOOKUP($A2,'CheckM genomes'!$A$2:$A$15,'CheckM genomes'!K$2:K$15) -> 6340
A3: GCA_976996955 | B3: R-91492 | C3: species | D3: Stenotrophomonas maltophilia_L | E3: - | F3: =_xlfn.XLOOKUP($A3,'Relative abundances MGX'!$A$2:$A$100,'Relative abundances MGX'!B$2:B$100) -> 0.68793179 | G3: =_xlfn.XLOOKUP($A3,'Relative abundances MGX'!$A$2:$A$100,'Relative abundances MGX'!C$2:C$100) -> 1.9085595 | H3: =_xlfn.XLOOKUP($A3,'Relative abundances MGX'!$A$2:$A$100,'Relative abundances MGX'!D$2:D$100) -> 0.52488602 | I3: =_xlfn.XLOOKUP($A3,'Relative abundances MGX'!$A$2:$A$100,'Relative abundances MGX'!E$2:E$100) -> 0.29998615 | J3: {=_xlfn.XLOOKUP($A3,'CheckM genomes'!$A$2:$A16,'CheckM genomes'!D$2:D16)} -> 100 | K3: =_xlfn.XLOOKUP($A3,'CheckM genomes'!$A$2:$A$15,'CheckM genomes'!G$2:G$15) -> 4903 | L3: =_xlfn.XLOOKUP($A3,'CheckM genomes'!$A$2:$A$15,'CheckM genomes'!I$2:I$15) -> 4903 | M3: =_xlfn.XLOOKUP($A3,'CheckM genomes'!$A$2:$A$15,'CheckM genomes'!K$2:K$15) -> 4372
A4: GCA_976996985 | B4: R-91479 | C4: species | D4: Aquipseudomonas mohnii | E4: ++ | F4: =_xlfn.XLOOKUP($A4,'Relative abundances MGX'!$A$2:$A$100,'Relative abundances MGX'!B$2:B$100) -> 7.1409433 | G4: =_xlfn.XLOOKUP($A4,'Relative abundances MGX'!$A$2:$A$100,'Relative abundances MGX'!C$2:C$100) -> 13.60674 | H4: =_xlfn.XLOOKUP($A4,'Relative abundances MGX'!$A$2:$A$100,'Relative abundances MGX'!D$2:D$100) -> 4.2539082 | I4: =_xlfn.XLOOKUP($A4,'Relative abundances MGX'!$A$2:$A$100,'Relative abundances MGX'!E$2:E$100) -> 3.7094813 | J4: {=_xlfn.XLOOKUP($A4,'CheckM genomes'!$A$2:$A17,'CheckM genomes'!D$2:D17)} -> 100 | K4: =_xlfn.XLOOKUP($A4,'CheckM genomes'!$A$2:$A$15,'CheckM genomes'!G$2:G$15) -> 6973 | L4: =_xlfn.XLOOKUP($A4,'CheckM genomes'!$A$2:$A$15,'CheckM genomes'!I$2:I$15) -> 6677 | M4: =_xlfn.XLOOKUP($A4,'CheckM genomes'!$A$2:$A$15,'CheckM genomes'!K$2:K$15) -> 6406
A5: GCA_977004765 | B5: R-91889 | C5: genus | D5: Aquipseudomonas | E5: ++ | F5: =_xlfn.XLOOKUP($A5,'Relative abundances MGX'!$A$2:$A$100,'Relative abundances MGX'!B$2:B$100) -> 33.145862 | G5: =_xlfn.XLOOKUP($A5,'Relative abundances MGX'!$A$2:$A$100,'Relative abundances MGX'!C$2:C$100) -> 24.51217 | H5: =_xlfn.XLOOKUP($A5,'Relative abundances MGX'!$A$2:$A$100,'Relative abundances MGX'!D$2:D$100) -> 37.305607 | I5: =_xlfn.XLOOKUP($A5,'Relative abundances MGX'!$A$2:$A$100,'Relative abundances MGX'!E$2:E$100) -> 35.468291 | J5: {=_xlfn.XLOOKUP($A5,'CheckM genomes'!$A$2:$A18,'CheckM genomes'!D$2:D18)} -> 100 | K5: =_xlfn.XLOOKUP($A5,'CheckM genomes'!$A$2:$A$15,'CheckM genomes'!G$2:G$15) -> 6737 | L5: =_xlfn.XLOOKUP($A5,'CheckM genomes'!$A$2:$A$15,'CheckM genomes'!I$2:I$15) -> 6672 | M5: =_xlfn.XLOOKUP($A5,'CheckM genomes'!$A$2:$A$15,'CheckM genomes'!K$2:K$15) -> 6049
A6: GCA_977004775 | B6: R-91904 | C6: species | D6: Serratia plymuthica | E6: - | F6: =_xlfn.XLOOKUP($A6,'Relative abundances MGX'!$A$2:$A$100,'Relative abundances MGX'!B$2:B$100) -> 0.029135307 | G6: =_xlfn.XLOOKUP($A6,'Relative abundances MGX'!$A$2:$A$100,'Relative abundances MGX'!C$2:C$100) -> 0.20101748 | H6: =_xlfn.XLOOKUP($A6,'Relative abundances MGX'!$A$2:$A$100,'Relative abundances MGX'!D$2:D$100) -> 0.11191339 | I6: =_xlfn.XLOOKUP($A6,'Relative abundances MGX'!$A$2:$A$100,'Relative abundances MGX'!E$2:E$100) -> 0.082901765 | J6: {=_xlfn.XLOOKUP($A6,'CheckM genomes'!$A$2:$A19,'CheckM genomes'!D$2:D19)} -> 100 | K6: =_xlfn.XLOOKUP($A6,'CheckM genomes'!$A$2:$A$15,'CheckM genomes'!G$2:G$15) -> 5306 | L6: =_xlfn.XLOOKUP($A6,'CheckM genomes'!$A$2:$A$15,'CheckM genomes'!I$2:I$15) -> 5306 | M6: =_xlfn.XLOOKUP($A6,'CheckM genomes'!$A$2:$A$15,'CheckM genomes'!K$2:K$15) -> 4774
A7: GCA_977004785 | B7: R-91892 | C7: species | D7: Aquipseudomonas mohnii | E7: ++ | F7: =_xlfn.XLOOKUP($A7,'Relative abundances MGX'!$A$2:$A$100,'Relative abundances MGX'!B$2:B$100) -> 10.84459 | G7: =_xlfn.XLOOKUP($A7,'Relative abundances MGX'!$A$2:$A$100,'Relative abundances MGX'!C$2:C$100) -> 21.196468 | H7: =_xlfn.XLOOKUP($A7,'Relative abundances MGX'!$A$2:$A$100,'Relative abundances MGX'!D$2:D$100) -> 6.2937337 | I7: =_xlfn.XLOOKUP($A7,'Relative abundances MGX'!$A$2:$A$100,'Relative abundances MGX'!E$2:E$100) -> 5.765383 | J7: {=_xlfn.XLOOKUP($A7,'CheckM genomes'!$A$2:$A20,'CheckM genomes'!D$2:D20)} -> 99.7 | K7: =_xlfn.XLOOKUP($A7,'CheckM genomes'!$A$2:$A$15,'CheckM genomes'!G$2:G$15) -> 7017 | L7: =_xlfn.XLOOKUP($A7,'CheckM genomes'!$A$2:$A$15,'CheckM genomes'!I$2:I$15) -> 7017 | M7: =_xlfn.XLOOKUP($A7,'CheckM genomes'!$A$2:$A$15,'CheckM genomes'!K$2:K$15) -> 6424
A8: GCA_977004805 | B8: R-91905 | C8: genus | D8: Aquipseudomonas | E8: ++ | F8: =_xlfn.XLOOKUP($A8,'Relative abundances MGX'!$A$2:$A$100,'Relative abundances MGX'!B$2:B$100) -> 40.450634 | G8: =_xlfn.XLOOKUP($A8,'Relative abundances MGX'!$A$2:$A$100,'Relative abundances MGX'!C$2:C$100) -> 30.650744 | H8: =_xlfn.XLOOKUP($A8,'Relative abundances MGX'!$A$2:$A$100,'Relative abundances MGX'!D$2:D$100) -> 47.904691 | I8: =_xlfn.XLOOKUP($A8,'Relative abundances MGX'!$A$2:$A$100,'Relative abundances MGX'!E$2:E$100) -> 46.780863 | J8: {=_xlfn.XLOOKUP($A8,'CheckM genomes'!$A$2:$A21,'CheckM genomes'!D$2:D21)} -> 99.7 | K8: =_xlfn.XLOOKUP($A8,'CheckM genomes'!$A$2:$A$15,'CheckM genomes'!G$2:G$15) -> 7038 | L8: =_xlfn.XLOOKUP($A8,'CheckM genomes'!$A$2:$A$15,'CheckM genomes'!I$2:I$15) -> 6983 | M8: =_xlfn.XLOOKUP($A8,'CheckM genomes'!$A$2:$A$15,'CheckM genomes'!K$2:K$15) -> 6281
A9: GCA_977004815 | B9: R-91483 | C9: species | D9: Variovorax sp003019815 | E9: - | F9: =_xlfn.XLOOKUP($A9,'Relative abundances MGX'!$A$2:$A$100,'Relative abundances MGX'!B$2:B$100) -> 0.061162133 | G9: =_xlfn.XLOOKUP($A9,'Relative abundances MGX'!$A$2:$A$100,'Relative abundances MGX'!C$2:C$100) -> 0.025841975 | H9: =_xlfn.XLOOKUP($A9,'Relative abundances MGX'!$A$2:$A$100,'Relative abundances MGX'!D$2:D$100) -> 0.0096436421 | I9: =_xlfn.XLOOKUP($A9,'Relative abundances MGX'!$A$2:$A$100,'Relative abundances MGX'!E$2:E$100) -> 0.027942059 | J9: {=_xlfn.XLOOKUP($A9,'CheckM genomes'!$A$2:$A22,'CheckM genomes'!D$2:D22)} -> 100 | K9: =_xlfn.XLOOKUP($A9,'CheckM genomes'!$A$2:$A$15,'CheckM genomes'!G$2:G$15) -> 8317 | L9: =_xlfn.XLOOKUP($A9,'CheckM genomes'!$A$2:$A$15,'CheckM genomes'!I$2:I$15) -> 1540 | M9: =_xlfn.XLOOKUP($A9,'CheckM genomes'!$A$2:$A$15,'CheckM genomes'!K$2:K$15) -> 7725
A10: GCA_977004845 | B10: R-91895 | C10: species | D10: Aquipseudomonas veronii | E10: - | F10: =_xlfn.XLOOKUP($A10,'Relative abundances MGX'!$A$2:$A$100,'Relative abundances MGX'!B$2:B$100) -> 0.72856884 | G10: =_xlfn.XLOOKUP($A10,'Relative abundances MGX'!$A$2:$A$100,'Relative abundances MGX'!C$2:C$100) -> 1.6402098 | H10: =_xlfn.XLOOKUP($A10,'Relative abundances MGX'!$A$2:$A$100,'Relative abundances MGX'!D$2:D$100) -> 0.70771177 | I10: =_xlfn.XLOOKUP($A10,'Relative abundances MGX'!$A$2:$A$100,'Relative abundances MGX'!E$2:E$100) -> 0.68724941 | J10: {=_xlfn.XLOOKUP($A10,'CheckM genomes'!$A$2:$A23,'CheckM genomes'!D$2:D23)} -> 100 | K10: =_xlfn.XLOOKUP($A10,'CheckM genomes'!$A$2:$A$15,'CheckM genomes'!G$2:G$15) -> 7150 | L10: =_xlfn.XLOOKUP($A10,'CheckM genomes'!$A$2:$A$15,'CheckM genomes'!I$2:I$15) -> 7150 | M10: =_xlfn.XLOOKUP($A10,'CheckM genomes'!$A$2:$A$15,'CheckM genomes'!K$2:K$15) -> 6376
A11: GCA_977004915 | B11: R-91482 | C11: species | D11: Sphingobacterium paramultivorum | E11: - | F11: =_xlfn.XLOOKUP($A11,'Relative abundances MGX'!$A$2:$A$100,'Relative abundances MGX'!B$2:B$100) -> 0.032455097 | G11: =_xlfn.XLOOKUP($A11,'Relative abundances MGX'!$A$2:$A$100,'Relative abundances MGX'!C$2:C$100) -> 0.035683309 | H11: =_xlfn.XLOOKUP($A11,'Relative abundances MGX'!$A$2:$A$100,'Relative abundances MGX'!D$2:D$100) -> 0.018326027 | I11: =_xlfn.XLOOKUP($A11,'Relative abundances MGX'!$A$2:$A$100,'Relative abundances MGX'!E$2:E$100) -> 0.086343729 | J11: {=_xlfn.XLOOKUP($A11,'CheckM genomes'!$A$2:$A24,'CheckM genomes'!D$2:D24)} -> 99.8 | K11: =_xlfn.XLOOKUP($A11,'CheckM genomes'!$A$2:$A$15,'CheckM genomes'!G$2:G$15) -> 6384 | L11: =_xlfn.XLOOKUP($A11,'CheckM genomes'!$A$2:$A$15,'CheckM genomes'!I$2:I$15) -> 6384 | M11: =_xlfn.XLOOKUP($A11,'CheckM genomes'!$A$2:$A$15,'CheckM genomes'!K$2:K$15) -> 5415
A12: GCA_977004965 | B12: R-91497 | C12: species | D12: Paraburkholderia fungorum | E12: - | F12: =_xlfn.XLOOKUP($A12,'Relative abundances MGX'!$A$2:$A$100,'Relative abundances MGX'!B$2:B$100) -> 0.0019045077 | G12: =_xlfn.XLOOKUP($A12,'Relative abundances MGX'!$A$2:$A$100,'Relative abundances MGX'!C$2:C$100) -> 0.0023539878 | H12: =_xlfn.XLOOKUP($A12,'Relative abundances MGX'!$A$2:$A$100,'Relative abundances MGX'!D$2:D$100) -> 0.0018661265 | I12: =_xlfn.XLOOKUP($A12,'Relative abundances MGX'!$A$2:$A$100,'Relative abundances MGX'!E$2:E$100) -> 0.0020332977 | J12: {=_xlfn.XLOOKUP($A12,'CheckM genomes'!$A$2:$A25,'CheckM genomes'!D$2:D25)} -> 100 | K12: =_xlfn.XLOOKUP($A12,'CheckM genomes'!$A$2:$A$15,'CheckM genomes'!G$2:G$15) -> 9378 | L12: =_xlfn.XLOOKUP($A12,'CheckM genomes'!$A$2:$A$15,'CheckM genomes'!I$2:I$15) -> 4810 | M12: =_xlfn.XLOOKUP($A12,'CheckM genomes'!$A$2:$A$15,'CheckM genomes'!K$2:K$15) -> 8525
A13: GCA_977005005 | B13: R-91514 | C13: species | D13: Klebsiella grimontii | E13: - | F13: =_xlfn.XLOOKUP($A13,'Relative abundances MGX'!$A$2:$A$100,'Relative abundances MGX'!B$2:B$100) -> 0.0030376558 | G13: =_xlfn.XLOOKUP($A13,'Relative abundances MGX'!$A$2:$A$100,'Relative abundances MGX'!C$2:C$100) -> 0.0030702537 | H13: =_xlfn.XLOOKUP($A13,'Relative abundances MGX'!$A$2:$A$100,'Relative abundances MGX'!D$2:D$100) -> 0.0020930066 | I13: =_xlfn.XLOOKUP($A13,'Relative abundances MGX'!$A$2:$A$100,'Relative abundances MGX'!E$2:E$100) -> 0.0021108887 | J13: {=_xlfn.XLOOKUP($A13,'CheckM genomes'!$A$2:$A26,'CheckM genomes'!D$2:D26)} -> 99.7 | K13: =_xlfn.XLOOKUP($A13,'CheckM genomes'!$A$2:$A$15,'CheckM genomes'!G$2:G$15) -> 5592 | L13: =_xlfn.XLOOKUP($A13,'CheckM genomes'!$A$2:$A$15,'CheckM genomes'!I$2:I$15) -> 5592 | M13: =_xlfn.XLOOKUP($A13,'CheckM genomes'!$A$2:$A$15,'CheckM genomes'!K$2:K$15) -> 5108
A14: GCA_977005055 | B14: R-91495 | C14: species | D14: Paraburkholderia fungorum | E14: - | F14: =_xlfn.XLOOKUP($A14,'Relative abundances MGX'!$A$2:$A$100,'Relative abundances MGX'!B$2:B$100) -> 0.00055306908 | G14: =_xlfn.XLOOKUP($A14,'Relative abundances MGX'!$A$2:$A$100,'Relative abundances MGX'!C$2:C$100) -> 0.00068697716 | H14: =_xlfn.XLOOKUP($A14,'Relative abundances MGX'!$A$2:$A$100,'Relative abundances MGX'!D$2:D$100) -> 0.00060998837 | I14: =_xlfn.XLOOKUP($A14,'Relative abundances MGX'!$A$2:$A$100,'Relative abundances MGX'!E$2:E$100) -> 0.00065453287 | J14: {=_xlfn.XLOOKUP($A14,'CheckM genomes'!$A$2:$A27,'CheckM genomes'!D$2:D27)} -> 100 | K14: =_xlfn.XLOOKUP($A14,'CheckM genomes'!$A$2:$A$15,'CheckM genomes'!G$2:G$15) -> 8958 | L14: =_xlfn.XLOOKUP($A14,'CheckM genomes'!$A$2:$A$15,'CheckM genomes'!I$2:I$15) -> 5329 | M14: =_xlfn.XLOOKUP($A14,'CheckM genomes'!$A$2:$A$15,'CheckM genomes'!K$2:K$15) -> 7960
A15: GCA_977008105 | B15: R-92313 | C15: species | D15: Cupriavidus basilensis_B | E15: + | F15: =_xlfn.XLOOKUP($A15,'Relative abundances MGX'!$A$2:$A$100,'Relative abundances MGX'!B$2:B$100) -> 2.221395 | G15: =_xlfn.XLOOKUP($A15,'Relative abundances MGX'!$A$2:$A$100,'Relative abundances MGX'!C$2:C$100) -> 1.7962993 | H15: =_xlfn.XLOOKUP($A15,'Relative abundances MGX'!$A$2:$A$100,'Relative abundances MGX'!D$2:D$100) -> 1.0503507 | I15: =_xlfn.XLOOKUP($A15,'Relative abundances MGX'!$A$2:$A$100,'Relative abundances MGX'!E$2:E$100) -> 1.5862539 | J15: {=_xlfn.XLOOKUP($A15,'CheckM genomes'!$A$2:$A28,'CheckM genomes'!D$2:D28)} -> 99.9 | K15: =_xlfn.XLOOKUP($A15,'CheckM genomes'!$A$2:$A$15,'CheckM genomes'!G$2:G$15) -> 7862 | L15: =_xlfn.XLOOKUP($A15,'CheckM genomes'!$A$2:$A$15,'CheckM genomes'!I$2:I$15) -> 4339 | M15: =_xlfn.XLOOKUP($A15,'CheckM genomes'!$A$2:$A$15,'CheckM genomes'!K$2:K$15) -> 6872
A16: bin.1 | C16: species | D16: Microbacterium sp000411455 | F16: =_xlfn.XLOOKUP($A16,'Relative abundances MGX'!$A$2:$A$100,'Relative abundances MGX'!B$2:B$100) -> 0.57123156 | G16: =_xlfn.XLOOKUP($A16,'Relative abundances MGX'!$A$2:$A$100,'Relative abundances MGX'!C$2:C$100) -> 0.24815634 | H16: =_xlfn.XLOOKUP($A16,'Relative abundances MGX'!$A$2:$A$100,'Relative abundances MGX'!D$2:D$100) -> 0.1289813 | I16: =_xlfn.XLOOKUP($A16,'Relative abundances MGX'!$A$2:$A$100,'Relative abundances MGX'!E$2:E$100) -> 0.7978311 | J16: {=_xlfn.XLOOKUP($A16,'CheckM MAGs'!$A$2:$A50,'CheckM MAGs'!D$2:D50)} -> 99.5 | K16: =_xlfn.XLOOKUP($A16,'CheckM MAGs'!$A$2:$A$50,'CheckM MAGs'!G$2:G$50) -> 3174 | L16: =_xlfn.XLOOKUP($A16,'CheckM MAGs'!$A$2:$A$50,'CheckM MAGs'!I$2:I$50) -> 95 | M16: =_xlfn.XLOOKUP($A16,'CheckM MAGs'!$A$2:$A$50,'CheckM MAGs'!K$2:K$50) -> 3087
A17: bin.10 | C17: species | D17: Ancylobacter sp049445835 | F17: =_xlfn.XLOOKUP($A17,'Relative abundances MGX'!$A$2:$A$100,'Relative abundances MGX'!B$2:B$100) -> 0.14944804 | G17: =_xlfn.XLOOKUP($A17,'Relative abundances MGX'!$A$2:$A$100,'Relative abundances MGX'!C$2:C$100) -> 0.070263085 | H17: =_xlfn.XLOOKUP($A17,'Relative abundances MGX'!$A$2:$A$100,'Relative abundances MGX'!D$2:D$100) -> 0.016067079 | I17: =_xlfn.XLOOKUP($A17,'Relative abundances MGX'!$A$2:$A$100,'Relative abundances MGX'!E$2:E$100) -> 0.10617401 | J17: {=_xlfn.XLOOKUP($A17,'CheckM MAGs'!$A$2:$A51,'CheckM MAGs'!D$2:D51)} -> 51.4 | K17: =_xlfn.XLOOKUP($A17,'CheckM MAGs'!$A$2:$A$50,'CheckM MAGs'!G$2:G$50) -> 4503 | L17: =_xlfn.XLOOKUP($A17,'CheckM MAGs'!$A$2:$A$50,'CheckM MAGs'!I$2:I$50) -> 2 | M17: =_xlfn.XLOOKUP($A17,'CheckM MAGs'!$A$2:$A$50,'CheckM MAGs'!K$2:K$50) -> 5745
A18: bin.14 | C18: species | D18: Flavobacterium sp964518395 | F18: =_xlfn.XLOOKUP($A18,'Relative abundances MGX'!$A$2:$A$100,'Relative abundances MGX'!B$2:B$100) -> 0.59398151 | G18: =_xlfn.XLOOKUP($A18,'Relative abundances MGX'!$A$2:$A$100,'Relative abundances MGX'!C$2:C$100) -> 0.47510203 | H18: =_xlfn.XLOOKUP($A18,'Relative abundances MGX'!$A$2:$A$100,'Relative abundances MGX'!D$2:D$100) -> 0.28051991 | I18: =_xlfn.XLOOKUP($A18,'Relative abundances MGX'!$A$2:$A$100,'Relative abundances MGX'!E$2:E$100) -> 1.3097681 | J18: {=_xlfn.XLOOKUP($A18,'CheckM MAGs'!$A$2:$A52,'CheckM MAGs'!D$2:D52)} -> 98.2 | K18: =_xlfn.XLOOKUP($A18,'CheckM MAGs'!$A$2:$A$50,'CheckM MAGs'!G$2:G$50) -> 3988 | L18: =_xlfn.XLOOKUP($A18,'CheckM MAGs'!$A$2:$A$50,'CheckM MAGs'!I$2:I$50) -> 167 | M18: =_xlfn.XLOOKUP($A18,'CheckM MAGs'!$A$2:$A$50,'CheckM MAGs'!K$2:K$50) -> 3657
A19: bin.2 | C19: species | D19: Ensifer sp001429285 | F19: =_xlfn.XLOOKUP($A19,'Relative abundances MGX'!$A$2:$A$100,'Relative abundances MGX'!B$2:B$100) -> 0.6287398 | G19: =_xlfn.XLOOKUP($A19,'Relative abundances MGX'!$A$2:$A$100,'Relative abundances MGX'!C$2:C$100) -> 0.37432729 | H19: =_xlfn.XLOOKUP($A19,'Relative abundances MGX'!$A$2:$A$100,'Relative abundances MGX'!D$2:D$100) -> 0.098299438 | I19: =_xlfn.XLOOKUP($A19,'Relative abundances MGX'!$A$2:$A$100,'Relative abundances MGX'!E$2:E$100) -> 0.53668015 | J19: {=_xlfn.XLOOKUP($A19,'CheckM MAGs'!$A$2:$A53,'CheckM MAGs'!D$2:D53)} -> 98.3 | K19: =_xlfn.XLOOKUP($A19,'CheckM MAGs'!$A$2:$A$50,'CheckM MAGs'!G$2:G$50) -> 7537 | L19: =_xlfn.XLOOKUP($A19,'CheckM MAGs'!$A$2:$A$50,'CheckM MAGs'!I$2:I$50) -> 114 | M19: =_xlfn.XLOOKUP($A19,'CheckM MAGs'!$A$2:$A$50,'CheckM MAGs'!K$2:K$50) -> 7167
A20: bin.22 | C20: species | D20: Microbacterium sp026393345 | F20: =_xlfn.XLOOKUP($A20,'Relative abundances MGX'!$A$2:$A$100,'Relative abundances MGX'!B$2:B$100) -> 0.17647293 | G20: =_xlfn.XLOOKUP($A20,'Relative abundances MGX'!$A$2:$A$100,'Relative abundances MGX'!C$2:C$100) -> 0.11420219 | H20: =_xlfn.XLOOKUP($A20,'Relative abundances MGX'!$A$2:$A$100,'Relative abundances MGX'!D$2:D$100) -> 0.031693186 | I20: =_xlfn.XLOOKUP($A20,'Relative abundances MGX'!$A$2:$A$100,'Relative abundances MGX'!E$2:E$100) -> 0.13088064 | J20: {=_xlfn.XLOOKUP($A20,'CheckM MAGs'!$A$2:$A54,'CheckM MAGs'!D$2:D54)} -> 78.7 | K20: =_xlfn.XLOOKUP($A20,'CheckM MAGs'!$A$2:$A$50,'CheckM MAGs'!G$2:G$50) -> 2809 | L20: =_xlfn.XLOOKUP($A20,'CheckM MAGs'!$A$2:$A$50,'CheckM MAGs'!I$2:I$50) -> 6 | M20: =_xlfn.XLOOKUP($A20,'CheckM MAGs'!$A$2:$A$50,'CheckM MAGs'!K$2:K$50) -> 3203
A21: bin.26 | C21: species | D21: Sphingobium scionense | F21: =_xlfn.XLOOKUP($A21,'Relative abundances MGX'!$A$2:$A$100,'Relative abundances MGX'!B$2:B$100) -> 0.32497361 | G21: =_xlfn.XLOOKUP($A21,'Relative abundances MGX'!$A$2:$A$100,'Relative abundances MGX'!C$2:C$100) -> 0.24661524 | H21: =_xlfn.XLOOKUP($A21,'Relative abundances MGX'!$A$2:$A$100,'Relative abundances MGX'!D$2:D$100) -> 0.030332621 | I21: =_xlfn.XLOOKUP($A21,'Relative abundances MGX'!$A$2:$A$100,'Relative abundances MGX'!E$2:E$100) -> 0.31889513 | J21: {=_xlfn.XLOOKUP($A21,'CheckM MAGs'!$A$2:$A55,'CheckM MAGs'!D$2:D55)} -> 94 | K21: =_xlfn.XLOOKUP($A21,'CheckM MAGs'!$A$2:$A$50,'CheckM MAGs'!G$2:G$50) -> 4225 | L21: =_xlfn.XLOOKUP($A21,'CheckM MAGs'!$A$2:$A$50,'CheckM MAGs'!I$2:I$50) -> 98 | M21: =_xlfn.XLOOKUP($A21,'CheckM MAGs'!$A$2:$A$50,'CheckM MAGs'!K$2:K$50) -> 3953
A22: bin.4 | C22: species | D22: Agrobacterium radiobacter | F22: =_xlfn.XLOOKUP($A22,'Relative abundances MGX'!$A$2:$A$100,'Relative abundances MGX'!B$2:B$100) -> 0.3161906 | G22: =_xlfn.XLOOKUP($A22,'Relative abundances MGX'!$A$2:$A$100,'Relative abundances MGX'!C$2:C$100) -> 0.47082145 | H22: =_xlfn.XLOOKUP($A22,'Relative abundances MGX'!$A$2:$A$100,'Relative abundances MGX'!D$2:D$100) -> 0.062225206 | I22: =_xlfn.XLOOKUP($A22,'Relative abundances MGX'!$A$2:$A$100,'Relative abundances MGX'!E$2:E$100) -> 0.45183419 | J22: {=_xlfn.XLOOKUP($A22,'CheckM MAGs'!$A$2:$A56,'CheckM MAGs'!D$2:D56)} -> 97.1 | K22: =_xlfn.XLOOKUP($A22,'CheckM MAGs'!$A$2:$A$50,'CheckM MAGs'!G$2:G$50) -> 5209 | L22: =_xlfn.XLOOKUP($A22,'CheckM MAGs'!$A$2:$A$50,'CheckM MAGs'!I$2:I$50) -> 25 | M22: =_xlfn.XLOOKUP($A22,'CheckM MAGs'!$A$2:$A$50,'CheckM MAGs'!K$2:K$50) -> 5088
A23: bin.5 | C23: species | D23: Variovorax sp900115375 | F23: =_xlfn.XLOOKUP($A23,'Relative abundances MGX'!$A$2:$A$100,'Relative abundances MGX'!B$2:B$100) -> 0.55992855 | G23: =_xlfn.XLOOKUP($A23,'Relative abundances MGX'!$A$2:$A$100,'Relative abundances MGX'!C$2:C$100) -> 0.23879415 | H23: =_xlfn.XLOOKUP($A23,'Relative abundances MGX'!$A$2:$A$100,'Relative abundances MGX'!D$2:D$100) -> 0.04294995 | I23: =_xlfn.XLOOKUP($A23,'Relative abundances MGX'!$A$2:$A$100,'Relative abundances MGX'!E$2:E$100) -> 0.20257698 | J23: {=_xlfn.XLOOKUP($A23,'CheckM MAGs'!$A$2:$A57,'CheckM MAGs'!D$2:D57)} -> 91.2 | K23: =_xlfn.XLOOKUP($A23,'CheckM MAGs'!$A$2:$A$50,'CheckM MAGs'!G$2:G$50) -> 8936 | L23: =_xlfn.XLOOKUP($A23,'CheckM MAGs'!$A$2:$A$50,'CheckM MAGs'!I$2:I$50) -> 18 | M23: =_xlfn.XLOOKUP($A23,'CheckM MAGs'!$A$2:$A$50,'CheckM MAGs'!K$2:K$50) -> 8875

Sheet CheckM MAGs
A1: Bin | B1: Taxonomy | C1: Markers | D1: Completeness | E1: Contamination | F1: GC (%) | G1: Genome size (kb) | H1: Contigs | I1: N50 (kb) | J1: Mean contig length (kb) | K1: Predicted genes
A2: bin.13 | B2: root | C2: 56 | D2: 0 | E2: 0 | F2: 59.4 | G2: 210 | H2: 9 | I2: 47 | J2: 23 | K2: 201
A3: bin.16 | B3: root | C3: 56 | D3: 0 | E3: 0 | F3: 54.7 | G3: 407 | H3: 56 | I3: 16 | J3: 7 | K3: 441
A4: bin.21 | B4: root | C4: 56 | D4: 0 | E4: 0 | F4: 69 | G4: 1401 | H4: 615 | I4: 2 | J4: 2 | K4: 1862
A5: bin.23 | B5: root | C5: 56 | D5: 0 | E5: 0 | F5: 57.9 | G5: 300 | H5: 50 | I5: 10 | J5: 6 | K5: 364
A6: bin.25 | B6: root | C6: 56 | D6: 0 | E6: 0 | F6: 62 | G6: 230 | H6: 2 | I6: 201 | J6: 115 | K6: 235
A7: bin.6 | B7: root | C7: 56 | D7: 0 | E7: 0 | F7: 51.8 | G7: 406 | H7: 35 | I7: 17 | J7: 12 | K7: 463
A8: bin.8 | B8: root | C8: 56 | D8: 0 | E8: 0 | F8: 62 | G8: 431 | H8: 207 | I8: 2 | J8: 2 | K8: 535
A9: bin.18 | B9: root | C9: 56 | D9: 4.2 | E9: 0 | F9: 62.3 | G9: 1363 | H9: 39 | I9: 61 | J9: 35 | K9: 1356
A10: bin.20 | B10: root | C10: 56 | D10: 8.3 | E10: 0 | F10: 60.2 | G10: 4174 | H10: 206 | I10: 39 | J10: 20 | K10: 3953
A11: bin.11 | B11: k__Bacteria | C11: 104 | D11: 10.3 | E11: 3.4 | F11: 65.6 | G11: 3227 | H11: 1281 | I11: 2 | J11: 3 | K11: 3925
A12: bin.12 | B12: k__Bacteria | C12: 104 | D12: 13.8 | E12: 0 | F12: 64 | G12: 4205 | H12: 1113 | I12: 4 | J12: 4 | K12: 4595
A13: bin.3 | B13: k__Bacteria | C13: 103 | D13: 17.5 | E13: 0 | F13: 59.8 | G13: 1160 | H13: 74 | I13: 23 | J13: 16 | K13: 1131
... A27: bin.17 | B27: f__Burkholderiaceae | C27: 596 | D27: 99.9 | E27: 1.2 | F27: 69.3 | G27: 7407 | H27: 72 | I27: 141 | J27: 103 | K27: 6519

Sheet Phylogeny MAGs
A1: MAG | B1: Rank | C1: Name
A2: bin.1 | B2: species | C2: Microbacterium sp000411455
A3: bin.10 | B3: species | C3: Ancylobacter sp049445835
A4: bin.11 | B4: Unclassified Bacteria
A5: bin.12 | B5: species | C5: Achromobacter spanius_C
A6: bin.13 | B6: species | C6: Aquipseudomonas veronii
A7: bin.14 | B7: species | C7: Flavobacterium sp964518395
A8: bin.15 | B8: species | C8: Achromobacter pestifer
A9: bin.16 | B9: Unclassified
A10: bin.17 | B10: species | C10: Cupriavidus basilensis_B
A11: bin.18 | B11: Unclassified Bacteria
A12: bin.19 | B12: genus | C12: Aquipseudomonas
A13: bin.2 | B13: species | C13: Ensifer sp001429285
A14: bin.20 | B14: species | C14: Aquipseudomonas mohnii
A15: bin.21 | B15: species | C15: Variovorax boronicumulans
A16: bin.22 | B16: species | C16: Microbacterium sp026393345
A17: bin.23 | B17: Unclassified
A18: bin.24 | B18: species | C18: Serratia plymuthica
A19: bin.25 | B19: species | C19: Cupriavidus basilensis_B
A20: bin.26 | B20: species | C20: Sphingobium scionense
A21: bin.3 | B21: species | C21: Aquipseudomonas mohnii
A22: bin.4 | B22: species | C22: Agrobacterium radiobacter
A23: bin.5 | B23: species | C23: Variovorax sp900115375
A24: bin.6 | B24: Unclassified
A25: bin.7 | B25: species | C25: Aquipseudomonas veronii
A26: bin.8 | B26: Unclassified Bacteria
A27: bin.9 | B27: species | C27: Stenotrophomonas maltophilia_L

Sheet CheckM genomes
A1: Bin | B1: Taxonomy | C1: Markers | D1: Completeness | E1: Contamination | F1: GC (%) | G1: Genome size (kb) | H1: Contigs | I1: N50 (kb) | J1: Mean contig length (kb) | K1: Predicted genes
A2: GCA_976996955 | B2: f__Xanthomonadaceae | C2: 659 | D2: 100 | E2: 0.7 | F2: 66 | G2: 4903 | H2: 1 | I2: 4903 | J2: 4903 | K2: 4372
A3: GCA_977004775 | B3: f__Enterobacteriaceae | C3: 546 | D3: 100 | E3: 0 | F3: 56.3 | G3: 5306 | H3: 1 | I3: 5306 | J3: 5306 | K3: 4774
A4: GCA_977004915 | B4: p__Bacteroidetes | C4: 316 | D4: 99.8 | E4: 1.9 | F4: 39.9 | G4: 6384 | H4: 1 | I4: 6384 | J4: 6384 | K4: 5415
A5: GCA_977004965 | B5: o__Burkholderiales | C5: 574 | D5: 100 | E5: 1.1 | F5: 61.7 | G5: 9378 | H5: 6 | I5: 4810 | J5: 1563 | K5: 8525
A6: GCA_977008105 | B6: f__Burkholderiaceae | C6: 596 | D6: 99.9 | E6: 1.6 | F6: 68.9 | G6: 7862 | H6: 3 | I6: 4339 | J6: 2621 | K6: 6872
A7: GCA_976996005 | B7: o__Burkholderiales | C7: 427 | D7: 99.5 | E7: 0 | F7: 63.7 | G7: 7083 | H7: 3 | I7: 7063 | J7: 2361 | K7: 6340
A8: GCA_977005055 | B8: o__Burkholderiales | C8: 574 | D8: 100 | E8: 0.1 | F8: 61.7 | G8: 8958 | H8: 4 | I8: 5329 | J8: 2240 | K8: 7960
A9: GCA_977004815 | B9: o__Burkholderiales | C9: 427 | D9: 100 | E9: 0.8 | F9: 66.6 | G9: 8317 | H9: 7 | I9: 1540 | J9: 1188 | K9: 7725
A10: GCA_977005005 | B10: f__Enterobacteriaceae | C10: 1005 | D10: 99.7 | E10: 0.4 | F10: 56 | G10: 5592 | H10: 1 | I10: 5592 | J10: 5592 | K10: 5108
A11: GCA_977004845 | B11: o__Pseudomonadales | C11: 813 | D11: 100 | E11: 1.7 | F11: 60.8 | G11: 7150 | H11: 1 | I11: 7150 | J11: 7150 | K11: 6376
A12: GCA_977004765 | B12: o__Pseudomonadales | C12: 813 | D12: 100 | E12: 0.8 | F12: 58.9 | G12: 6737 | H12: 3 | I12: 6672 | J12: 2246 | K12: 6049
A13: GCA_977004785 | B13: o__Pseudomonadales | C13: 813 | D13: 99.7 | E13: 2.1 | F13: 59.5 | G13: 7017 | H13: 1 | I13: 7017 | J13: 7017 | K13: 6424
... A15: GCA_977004805 | B15: o__Pseudomonadales | C15: 813 | D15: 99.7 | E15: 1.1 | F15: 58.6 | G15: 7038 | H15: 2 | I15: 6983 | J15: 3519 | K15: 6281

Sheet Phylogeny genomes
A1: Genome | B1: Rank | C1: Name
A2: GCA_976996005 | B2: species | C2: Achromobacter pestifer
A3: GCA_976996955 | B3: species | C3: Stenotrophomonas maltophilia_L
A4: GCA_976996985 | B4: species | C4: Aquipseudomonas mohnii
A5: GCA_977004765 | B5: genus | C5: Aquipseudomonas
A6: GCA_977004775 | B6: species | C6: Serratia plymuthica
A7: GCA_977004785 | B7: species | C7: Aquipseudomonas mohnii
A8: GCA_977004805 | B8: genus | C8: Aquipseudomonas
A9: GCA_977004815 | B9: species | C9: Variovorax sp003019815
A10: GCA_977004845 | B10: species | C10: Aquipseudomonas veronii
A11: GCA_977004915 | B11: species | C11: Sphingobacterium paramultivorum
A12: GCA_977004965 | B12: species | C12: Paraburkholderia fungorum
... A15: GCA_977008105 | B15: species | C15: Cupriavidus basilensis_B

Sheet Mapping
A1: Status | B1: mean (%) | C1: std (%)
A2: Assigned | B2: 87.13964 | C2: 1.1928255
A3: Unassigned_Unmapped | B3: 1.0115677 | C3: 0.25430293
A4: Unassigned_Singleton | B4: 2.7207555 | C4: 0.17671642
A5: Unassigned_NoFeatures | B5: 2.2469592 | C5: 0.11460762
A6: Unassigned_Ambiguity | B6: 6.8810776 | C6: 0.96519266

Sheet Relative abundances MGX
A1: Genome | B1: T0_SO4_1_relative | C1: CN_T1_SO4_1_relative | D1: CN_T2_SO4_1_relative | E1: CN_T3_SO4_1_relative
A2: GCA_977005055 | B2: 0.00055306908 | C2: 0.00068697716 | D2: 0.00060998837 | E2: 0.00065453287
A3: GCA_977004965 | B3: 0.0019045077 | C3: 0.0023539878 | D3: 0.0018661265 | E3: 0.0020332977
A4: GCA_977005005 | B4: 0.0030376558 | C4: 0.0030702537 | D4: 0.0020930066 | E4: 0.0021108887
A5: bin.24 | B5: 0.0015175684 | C5: 0.0084612785 | D5: 0.0046916712 | E5: 0.0038350764
A6: GCA_977004815 | B6: 0.061162133 | C6: 0.025841975 | D6: 0.0096436421 | E6: 0.027942059
A7: GCA_977004915 | B7: 0.032455097 | C7: 0.035683309 | D7: 0.018326027 | E7: 0.086343729
A8: bin.10 | B8: 0.14944804 | C8: 0.070263085 | D8: 0.016067079 | E8: 0.10617401
A9: bin.22 | B9: 0.17647293 | C9: 0.11420219 | D9: 0.031693186 | E9: 0.13088064
A10: GCA_977004775 | B10: 0.029135307 | C10: 0.20101748 | D10: 0.11191339 | E10: 0.082901765
A11: bin.5 | B11: 0.55992855 | C11: 0.23879415 | D11: 0.04294995 | E11: 0.20257698
A12: bin.26 | B12: 0.32497361 | C12: 0.24661524 | D12: 0.030332621 | E12: 0.31889513
A13: bin.1 | B13: 0.57123156 | C13: 0.24815634 | D13: 0.1289813 | E13: 0.7978311
... A24: GCA_977004805 | B24: 40.450634 | C24: 30.650744 | D24: 47.904691 | E24: 46.780863

Sheet Quast MEGAHIT
B1: Assembly | C1: # contigs (>= 0 bp) | D1: # contigs (>= 1000 bp) | E1: # contigs (>= 5000 bp) | F1: # contigs (>= 10000 bp) | G1: # contigs (>= 25000 bp) | H1: # contigs (>= 50000 bp) | I1: Total length (>= 0 bp) | J1: Total length (>= 1000 bp) | K1: Total length (>= 5000 bp) | L1: Total length (>= 10000 bp) | M1: Total length (>= 25000 bp) | N1: Total length (>= 50000 bp) | O1: # contigs | P1: Largest contig | Q1: Total length | R1: Reference length | S1: N50 | T1: N75 | U1: L50 | V1: L75 | W1: # misassemblies | X1: # misassembled contigs | Y1: Misassembled contigs length | Z1: # local misassemblies | AA1: # scaffold gap ext. mis. | AB1: # scaffold gap loc. mis. | AC1: # unaligned mis. contigs | AD1: # unaligned contigs | AE1: Unaligned length | AF1: Genome fraction (%) | AG1: Duplication ratio | AH1: # N's per 100 kbp | AI1: # mismatches per 100 kbp | AJ1: # indels per 100 kbp | AK1: Largest alignment | AL1: Total aligned length | AM1: NA50 | AN1: NA75 | AO1: LA50 | AP1: LA75
A2: 0 | B2: bin.1 | C2: 56 | D2: 56 | E2: 52 | F2: 45 | G2: 33 | H2: 23 | I2: 3131258 | J2: 3131258 | K2: 3119549 | L2: 3059417 | M2: 2840729 | N2: 2477775 | O2: 56 | P2: 347631 | Q2: 3131258 | R2: 98698274 | S2: 88838 | T2: 53595 | U2: 11 | V2: 21 | W2: - | X2: - | Y2: - | Z2: - | AA2: - | AB2: - | AC2: - | AD2: 56 + 0 part | AE2: 3131258 | AF2: - | AG2: - | AH2: 0 | AI2: - | AJ2: - | AK2: - | AL2: - | AM2: - | AN2: - | AO2: - | AP2: -
A3: 1 | B3: bin.10 | C3: 49 | D3: 49 | E3: 15 | F3: 4 | G3: 1 | H3: 0 | I3: 257569 | J3: 257569 | K3: 171641 | L3: 86724 | M3: 33471 | N3: 0 | O3: 49 | P3: 33471 | Q3: 257569 | R3: 98698274 | S3: 8432 | T3: 3382 | U3: 9 | V3: 21 | W3: 0 | X3: 0 | Y3: 0 | Z3: 0 | AA3: 0 | AB3: 0 | AC3: 0 | AD3: 40 + 9 part | AE3: 256506 | AF3: 0.008 | AG3: 1.000 | AH3: 0 | AI3: 2692.06 | AJ3: 0.00 | AK3: 308 | AL3: 1063 | AM3: - | AN3: - | AO3: - | AP3: -
A4: 2 | B4: bin.11 | C4: 264 | D4: 264 | E4: 24 | F4: 14 | G4: 5 | H4: 2 | I4: 829002 | J4: 829002 | K4: 490103 | L4: 411895 | M4: 283166 | N4: 185472 | O4: 264 | P4: 93051 | Q4: 829002 | R4: 98698274 | S4: 9789 | T4: 1383 | U4: 15 | V4: 85 | W4: 7 | X4: 5 | Y4: 143188 | Z4: 0 | AA4: 0 | AB4: 0 | AC4: 8 | AD4: 121 + 39 part | AE4: 419660 | AF4: 0.422 | AG4: 1.012 | AH4: 0 | AI4: 307.60 | AJ4: 8.89 | AK4: 75636 | AL4: 407149 | AM4: - | AN4: - | AO4: - | AP4: -
A5: 3 | B5: bin.12 | C5: 112 | D5: 112 | E5: 106 | F5: 96 | G5: 70 | H5: 47 | I5: 7458602 | J5: 7458602 | K5: 7442088 | L5: 7368898 | M5: 6918692 | N5: 6086664 | O5: 112 | P5: 534212 | Q5: 7458602 | R5: 98698274 | S5: 125334 | T5: 71376 | U5: 20 | V5: 39 | W5: 9 | X5: 8 | Y5: 1635337 | Z5: 1 | AA5: 0 | AB5: 0 | AC5: 0 | AD5: 0 + 6 part | AE5: 51460 | AF5: 7.496 | AG5: 1.002 | AH5: 0 | AI5: 21.80 | AJ5: 2.68 | AK5: 285646 | AL5: 7401119 | AM5: 104817 | AN5: 59838 | AO5: 23 | AP5: 45
A6: 4 | B6: bin.13 | C6: 338 | D6: 338 | E6: 237 | F6: 171 | G6: 69 | H6: 20 | I6: 5479563 | J6: 5479563 | K6: 5185950 | L6: 4708197 | M6: 3062774 | N6: 1422177 | O6: 338 | P6: 131861 | Q6: 5479563 | R6: 98698274 | S6: 28667 | T6: 15124 | U6: 57 | V6: 124 | W6: 0 | X6: 0 | Y6: 0 | Z6: 0 | AA6: 0 | AB6: 0 | AC6: 0 | AD6: 335 + 3 part | AE6: 5479208 | AF6: 0.000 | AG6: 0.998 | AH6: 0 | AI6: 2068.97 | AJ6: 229.89 | AK6: 211 | AL6: 355 | AM6: - | AN6: - | AO6: - | AP6: -
A7: 5 | B7: bin.14 | C7: 7 | D7: 7 | E7: 7 | F7: 6 | G7: 3 | H7: 3 | I7: 264623 | J7: 264623 | K7: 264623 | L7: 257855 | M7: 199793 | N7: 199793 | O7: 7 | P7: 76138 | Q7: 264623 | R7: 98698274 | S7: 73018 | T7: 50637 | U7: 2 | V7: 3 | W7: 5 | X7: 4 | Y7: 193261 | Z7: 0 | AA7: 0 | AB7: 0 | AC7: 0 | AD7: 0 + 0 part | AE7: 0 | AF7: 0.401 | AG7: 1.013 | AH7: 0 | AI7: 544.08 | AJ7: 30.56 | AK7: 72946 | AL7: 264070 | AM7: 50457 | AN7: 20133 | AO7: 3 | AP7: 5
A8: 6 | B8: bin.15 | C8: 158 | D8: 158 | E8: 128 | F8: 111 | G8: 77 | H8: 57 | I8: 7454284 | J8: 7454284 | K8: 7365351 | L8: 7235398 | M8: 6682640 | N8: 5950491 | O8: 158 | P8: 281188 | Q8: 7454284 | R8: 98698274 | S8: 100826 | T8: 57489 | U8: 25 | V8: 51 | W8: 0 | X8: 0 | Y8: 0 | Z8: 0 | AA8: 0 | AB8: 0 | AC8: 1 | AD8: 150 + 8 part | AE8: 7453419 | AF8: 0.001 | AG8: 1.000 | AH8: 0 | AI8: 3544.58 | AJ8: 0.00 | AK8: 149 | AL8: 865 | AM8: - | AN8: - | AO8: - | AP8: -
A9: 7 | B9: bin.16 | C9: 1321 | D9: 1321 | E9: 254 | F9: 46 | G9: 8 | H9: 2 | I9: 5090948 | J9: 5090948 | K9: 2249554 | L9: 867343 | M9: 351587 | N9: 175383 | O9: 1321 | P9: 97897 | Q9: 5090948 | R9: 98698274 | S9: 4486 | T9: 2668 | U9: 317 | V9: 688 | W9: 7 | X9: 6 | Y9: 267345 | Z9: 3 | AA9: 0 | AB9: 0 | AC9: 14 | AD9: 1101 + 196 part | AE9: 4630005 | AF9: 0.639 | AG9: 1.027 | AH9: 0 | AI9: 1017.08 | AJ9: 33.28 | AK9: 93429 | AL9: 458775 | AM9: - | AN9: - | AO9: - | AP9: -
A10: 8 | B10: bin.17 | C10: 137 | D10: 137 | E10: 124 | F10: 107 | G10: 69 | H10: 37 | I10: 5706051 | J10: 5706051 | K10: 5670291 | L10: 5542040 | M10: 4869689 | N10: 3665501 | O10: 137 | P10: 205411 | Q10: 5706051 | R10: 98698274 | S10: 72435 | T10: 38089 | U10: 24 | V10: 51 | W10: 0 | X10: 0 | Y10: 0 | Z10: 0 | AA10: 0 | AB10: 0 | AC10: 1 | AD10: 133 + 4 part | AE10: 5705647 | AF10: 0.000 | AG10: 1.380 | AH10: 0 | AI10: 4938.27 | AJ10: 0.00 | AK10: 93 | AL10: 404 | AM10: - | AN10: - | AO10: - | AP10: -
A11: 9 | B11: bin.18 | C11: 475 | D11: 475 | E11: 374 | F11: 289 | G11: 133 | H11: 34 | I11: 9264326 | J11: 9264326 | K11: 8959264 | L11: 8333229 | M11: 5850581 | N11: 2442251 | O11: 475 | P11: 139169 | Q11: 9264326 | R11: 98698274 | S11: 31954 | T11: 18146 | U11: 90 | V11: 185 | W11: 0 | X11: 0 | Y11: 0 | Z11: 0 | AA11: 0 | AB11: 0 | AC11: 78 | AD11: 239 + 236 part | AE11: 9138678 | AF11: 0.132 | AG11: 1.029 | AH11: 0 | AI11: 4032.49 | AJ11: 25.29 | AK11: 6908 | AL11: 125648 | AM11: - | AN11: - | AO11: - | AP11: -
A12: 10 | B12: bin.19 | C12: 311 | D12: 311 | E12: 251 | F12: 194 | G12: 96 | H12: 39 | I12: 7371780 | J12: 7371780 | K12: 7186901 | L12: 6767044 | M12: 5060694 | N12: 3111732 | O12: 311 | P12: 197372 | Q12: 7371780 | R12: 98698274 | S12: 39905 | T12: 21878 | U12: 52 | V12: 117 | W12: 59 | X12: 47 | Y12: 2108337 | Z12: 16 | AA12: 0 | AB12: 0 | AC12: 3 | AD12: 3 + 15 part | AE12: 197291 | AF12: 8.482 | AG12: 1.027 | AH12: 0 | AI12: 380.82 | AJ12: 15.43 | AK12: 110527 | AL12: 7155222 | AM12: 32095 | AN12: 18843 | AO12: 66 | AP12: 141
A13: 11 | B13: bin.2 | C13: 5 | D13: 5 | E13: 3 | F13: 2 | G13: 2 | H13: 2 | I13: 209863 | J13: 209863 | K13: 203097 | L13: 195295 | M13: 195295 | N13: 195295 | O13: 5 | P13: 136506 | Q13: 209863 | R13: 98698274 | S13: 136506 | T13: 58789 | U13: 1 | V13: 2 | W13: 4 | X13: 2 | Y13: 195295 | Z13: 0 | AA13: 0 | AB13: 0 | AC13: 0 | AD13: 0 + 0 part | AE13: 0 | AF13: 0.380 | AG13: 1.032 | AH13: 0 | AI13: 732.33 | AJ13: 25.85 | AK13: 97578 | AL13: 204234 | AM13: 48452 | AN13: 19907 | AO13: 2 | AP13: 3
... A30: 28 | B30: bin.9 | C30: 321 | D30: 321 | E30: 224 | F30: 159 | G30: 76 | H30: 32 | I30: 5939922 | J30: 5939922 | K30: 5635943 | L30: 5158735 | M30: 3798312 | N30: 2176741 | O30: 321 | P30: 120904 | Q30: 5939922 | R30: 98698274 | S30: 39439 | T30: 17299 | U30: 51 | V30: 108 | W30: 33 | X30: 30 | Y30: 968335 | Z30: 31 | AA30: 0 | AB30: 0 | AC30: 2 | AD30: 27 + 39 part | AE30: 342962 | AF30: 5.673 | AG30: 1.005 | AH30: 0 | AI30: 260.55 | AJ30: 7.18 | AK30: 120904 | AL30: 5588804 | AM30: 30577 | AN30: 14340 | AO30: 56 | AP30: 128

Sheet Quast metaSPAdes
B1: Assembly | C1: # contigs (>= 0 bp) | D1: # contigs (>= 1000 bp) | E1: # contigs (>= 5000 bp) | F1: # contigs (>= 10000 bp) | G1: # contigs (>= 25000 bp) | H1: # contigs (>= 50000 bp) | I1: Total length (>= 0 bp) | J1: Total length (>= 1000 bp) | K1: Total length (>= 5000 bp) | L1: Total length (>= 10000 bp) | M1: Total length (>= 25000 bp) | N1: Total length (>= 50000 bp) | O1: # contigs | P1: Largest contig | Q1: Total length | R1: Reference length | S1: N50 | T1: N75 | U1: L50 | V1: L75 | W1: # misassemblies | X1: # misassembled contigs | Y1: Misassembled contigs length | Z1: # local misassemblies | AA1: # scaffold gap ext. mis. | AB1: # scaffold gap loc. mis. | AC1: # unaligned mis. contigs | AD1: # unaligned contigs | AE1: Unaligned length | AF1: Genome fraction (%) | AG1: Duplication ratio | AH1: # N's per 100 kbp | AI1: # mismatches per 100 kbp | AJ1: # indels per 100 kbp | AK1: Largest alignment | AL1: Total aligned length | AM1: NA50 | AN1: NA75 | AO1: LA50 | AP1: LA75
A2: 0 | B2: bin.1 | C2: 59 | D2: 59 | E2: 51 | F2: 43 | G2: 33 | H2: 20 | I2: 3173833 | J2: 3173833 | K2: 3147487 | L2: 3086471 | M2: 2898419 | N2: 2423403 | O2: 59 | P2: 366730 | Q2: 3173833 | R2: 98698274 | S2: 94955 | T2: 58873 | U2: 9 | V2: 20 | W2: - | X2: - | Y2: - | Z2: - | AA2: - | AB2: - | AC2: - | AD2: 59 + 0 part | AE2: 3173833 | AF2: - | AG2: - | AH2: 0 | AI2: - | AJ2: - | AK2: - | AL2: - | AM2: - | AN2: - | AO2: - | AP2: -
A3: 1 | B3: bin.10 | C3: 1820 | D3: 1820 | E3: 59 | F3: 1 | G3: 0 | H3: 0 | I3: 4502864 | J3: 4502864 | K3: 374891 | L3: 10675 | M3: 0 | N3: 0 | O3: 1820 | P3: 10675 | Q3: 4502864 | R3: 98698274 | S3: 2470 | T3: 1932 | U3: 638 | V3: 1156 | W3: 0 | X3: 0 | Y3: 0 | Z3: 0 | AA3: 0 | AB3: 0 | AC3: 0 | AD3: 1806 + 13 part | AE3: 4499212 | AF3: 0.004 | AG3: 1.000 | AH3: 0 | AI3: 2119.07 | AJ3: 0.00 | AK3: 2039 | AL3: 3652 | AM3: - | AN3: - | AO3: - | AP3: -
A4: 2 | B4: bin.11 | C4: 1281 | D4: 1281 | E4: 61 | F4: 6 | G4: 0 | H4: 0 | I4: 3227228 | J4: 3227228 | K4: 434451 | L4: 78375 | M4: 0 | N4: 0 | O4: 1281 | P4: 16504 | Q4: 3227228 | R4: 98698274 | S4: 2441 | T4: 1884 | U4: 423 | V4: 800 | W4: 0 | X4: 0 | Y4: 0 | Z4: 0 | AA4: 0 | AB4: 0 | AC4: 2 | AD4: 1137 + 90 part | AE4: 3111175 | AF4: 0.117 | AG4: 1.008 | AH4: 0 | AI4: 505.75 | AJ4: 7.82 | AK4: 2799 | AL4: 115090 | AM4: - | AN4: - | AO4: - | AP4: -
A5: 3 | B5: bin.12 | C5: 1113 | D5: 1113 | E5: 232 | F5: 38 | G5: 2 | H5: 0 | I5: 4204664 | J5: 4204664 | K5: 1851100 | L5: 541157 | M5: 58213 | N5: 0 | O5: 1113 | P5: 32279 | Q5: 4204664 | R5: 98698274 | S5: 4430 | T5: 2751 | U5: 286 | V5: 591 | W5: 0 | X5: 0 | Y5: 0 | Z5: 0 | AA5: 0 | AB5: 0 | AC5: 5 | AD5: 965 + 124 part | AE5: 4096553 | AF5: 0.145 | AG5: 1.006 | AH5: 0 | AI5: 1855.92 | AJ5: 20.90 | AK5: 14267 | AL5: 107529 | AM5: - | AN5: - | AO5: - | AP5: -
A6: 4 | B6: bin.13 | C6: 9 | D6: 9 | E6: 6 | F6: 4 | G6: 3 | H6: 1 | I6: 209852 | J6: 209852 | K6: 200143 | L6: 184360 | M6: 166028 | N6: 78611 | O6: 9 | P6: 78611 | Q6: 209852 | R6: 98698274 | S6: 47035 | T6: 40382 | U6: 2 | V6: 3 | W6: 0 | X6: 0 | Y6: 0 | Z6: 0 | AA6: 0 | AB6: 0 | AC6: 0 | AD6: 0 + 1 part | AE6: 18224 | AF6: 0.194 | AG6: 1.000 | AH6: 0 | AI6: 52.18 | AJ6: 1.57 | AK6: 78611 | AL6: 191623 | AM6: 47031 | AN6: 40382 | AO6: 2 | AP6: 3
A7: 5 | B7: bin.14 | C7: 37 | D7: 37 | E7: 31 | F7: 30 | G7: 26 | H7: 25 | I7: 3987548 | J7: 3987548 | K7: 3976838 | L7: 3969112 | M7: 3900591 | N7: 3874369 | O7: 37 | P7: 485247 | Q7: 3987548 | R7: 98698274 | S7: 167310 | T7: 100457 | U7: 7 | V7: 15 | W7: 0 | X7: 0 | Y7: 0 | Z7: 0 | AA7: 0 | AB7: 0 | AC7: 0 | AD7: 35 + 1 part | AE7: 3985694 | AF7: 0.002 | AG7: 1.000 | AH7: 0 | AI7: 53.94 | AJ7: 0.00 | AK7: 1779 | AL7: 1854 | AM7: - | AN7: - | AO7: - | AP7: -
A8: 6 | B8: bin.15 | C8: 158 | D8: 158 | E8: 120 | F8: 87 | G8: 49 | H8: 31 | I8: 6992492 | J8: 6992492 | K8: 6861634 | L8: 6627059 | M8: 6038099 | N8: 5391139 | O8: 158 | P8: 504292 | Q8: 6992492 | R8: 98698274 | S8: 157042 | T8: 57609 | U8: 12 | V8: 29 | W8: 0 | X8: 0 | Y8: 0 | Z8: 1 | AA8: 0 | AB8: 0 | AC8: 0 | AD8: 2 + 0 part | AE8: 16835 | AF8: 7.059 | AG8: 1.001 | AH8: 0 | AI8: 22.12 | AJ8: 1.33 | AK8: 504292 | AL8: 6975490 | AM8: 157042 | AN8: 57609 | AO8: 12 | AP8: 29
A9: 7 | B9: bin.16 | C9: 56 | D9: 56 | E9: 23 | F9: 9 | G9: 1 | H9: 1 | I9: 407025 | J9: 407025 | K9: 319164 | L9: 224288 | M9: 67560 | N9: 67560 | O9: 56 | P9: 67560 | Q9: 407025 | R9: 98698274 | S9: 16483 | T9: 5239 | U9: 8 | V9: 21 | W9: 0 | X9: 0 | Y9: 0 | Z9: 0 | AA9: 0 | AB9: 0 | AC9: 0 | AD9: 15 + 11 part | AE9: 240713 | AF9: 0.168 | AG9: 1.001 | AH9: 0 | AI9: 102.94 | AJ9: 3.01 | AK9: 21016 | AL9: 166239 | AM9: - | AN9: - | AO9: - | AP9: -
A10: 8 | B10: bin.17 | C10: 72 | D10: 72 | E10: 68 | F10: 68 | G10: 58 | H10: 48 | I10: 7407378 | J10: 7407378 | K10: 7395952 | L10: 7395952 | M10: 7242148 | N10: 6869858 | O10: 72 | P10: 501070 | Q10: 7407378 | R10: 98698274 | S10: 141139 | T10: 84458 | U10: 13 | V10: 30 | W10: 0 | X10: 0 | Y10: 0 | Z10: 1 | AA10: 0 | AB10: 0 | AC10: 0 | AD10: 0 + 1 part | AE10: 1679 | AF10: 7.461 | AG10: 1.006 | AH10: 0 | AI10: 9.76 | AJ10: 1.43 | AK10: 501070 | AL10: 7405377 | AM10: 141139 | AN10: 84455 | AO10: 13 | AP10: 30
A11: 9 | B11: bin.18 | C11: 39 | D11: 39 | E11: 38 | F11: 31 | G11: 17 | H11: 11 | I11: 1362741 | J11: 1362741 | K11: 1358915 | L11: 1304191 | M11: 1049183 | N11: 838613 | O11: 39 | P11: 129858 | Q11: 1362741 | R11: 98698274 | S11: 60592 | T11: 26717 | U11: 9 | V11: 16 | W11: - | X11: - | Y11: - | Z11: - | AA11: - | AB11: - | AC11: - | AD11: 39 + 0 part | AE11: 1362741 | AF11: - | AG11: - | AH11: 0 | AI11: - | AJ11: - | AK11: - | AL11: - | AM11: - | AN11: - | AO11: - | AP11: -
A12: 10 | B12: bin.19 | C12: 146 | D12: 146 | E12: 118 | F12: 95 | G12: 70 | H12: 47 | I12: 6770510 | J12: 6770510 | K12: 6688886 | L12: 6536218 | M12: 6126967 | N12: 5304784 | O12: 146 | P12: 348386 | Q12: 6770510 | R12: 98698274 | S12: 95630 | T12: 54037 | U12: 20 | V12: 43 | W12: 4 | X12: 3 | Y12: 573362 | Z12: 0 | AA12: 0 | AB12: 0 | AC12: 0 | AD12: 0 + 0 part | AE12: 0 | AF12: 7.309 | AG12: 1.001 | AH12: 0 | AI12: 48.23 | AJ12: 1.30 | AK12: 317316 | AL12: 6770047 | AM12: 93998 | AN12: 52885 | AO12: 21 | AP12: 45
A13: 11 | B13: bin.2 | C13: 187 | D13: 187 | E13: 147 | F13: 110 | G13: 66 | H13: 40 | I13: 7536621 | J13: 7536621 | K13: 7410787 | L13: 7134911 | M13: 6445163 | N13: 5477739 | O13: 187 | P13: 333282 | Q13: 7536621 | R13: 98698274 | S13: 113577 | T13: 47645 | U13: 19 | V13: 44 | W13: 0 | X13: 0 | Y13: 0 | Z13: 0 | AA13: 0 | AB13: 0 | AC13: 0 | AD13: 180 + 7 part | AE13: 7535864 | AF13: 0.001 | AG13: 1.000 | AH13: 0 | AI13: 3888.21 | AJ13: 0.00 | AK13: 149 | AL13: 757 | AM13: - | AN13: - | AO13: - | AP13: -
... A27: 25 | B27: bin.9 | C27: 237 | D27: 237 | E27: 181 | F27: 131 | G27: 61 | H27: 22 | I27: 4725612 | J27: 4725612 | K27: 4561871 | L27: 4186519 | M27: 3037444 | N27: 1582702 | O27: 237 | P27: 135666 | Q27: 4725612 | R27: 98698274 | S27: 36906 | T27: 19509 | U27: 40 | V27: 84 | W27: 1 | X27: 1 | Y27: 86985 | Z27: 4 | AA27: 0 | AB27: 0 | AC27: 0 | AD27: 0 + 3 part | AE27: 4534 | AF27: 4.762 | AG27: 1.004 | AH27: 0 | AI27: 17.43 | AJ27: 3.83 | AK27: 135666 | AL27: 4718550 | AM27: 36886 | AN27: 19485 | AO27: 40 | AP27: 85
